FileName,Stem,Extension,Width,Height,FileSize,HasAlpha,Category,IsReferenced,JavaRefs,XMLRefs,FullPath
abherrant_fabric.png,abherrant_fabric,.png,32,32,459,True,item_misc,True,AbherrantFabric.java,,D:\Tinh\Guild Master - Idle Dungeons\resources\res\drawable\abherrant_fabric.png
abiotic_core.png,abiotic_core,.png,37,37,483,True,icon_nav,True,AbioticCore.java,,D:\Tinh\Guild Master - Idle Dungeons\resources\res\drawable\abiotic_core.png
absolute_zero.png,absolute_zero,.png,32,32,681,True,item_misc,True,AbsoluteZero.java,,D:\Tinh\Guild Master - Idle Dungeons\resources\res\drawable\absolute_zero.png
abyssal_compendium.png,abyssal_compendium,.png,32,32,687,True,item_misc,True,AbyssalCompendium.java,,D:\Tinh\Guild Master - Idle Dungeons\resources\res\drawable\abyssal_compendium.png
abyssal_cutlass.png,abyssal_cutlass,.png,64,64,301,False,item_misc,True,AbyssalCutlass.java,,D:\Tinh\Guild Master - Idle Dungeons\resources\res\drawable\abyssal_cutlass.png
abyssal_goo.png,abyssal_goo,.png,32,32,950,True,item_misc,True,AbyssalGoo.java,,D:\Tinh\Guild Master - Idle Dungeons\resources\res\drawable\abyssal_goo.png
abyssal_ingot.png,abyssal_ingot,.png,32,32,278,True,item_misc,True,AbyssalIngot.java,,D:\Tinh\Guild Master - Idle Dungeons\resources\res\drawable\abyssal_ingot.png
abyssal_seashell.png,abyssal_seashell,.png,32,32,430,True,item_misc,True,AbyssalSeashell.java,,D:\Tinh\Guild Master - Idle Dungeons\resources\res\drawable\abyssal_seashell.png
advertisement.png,advertisement,.png,32,32,513,False,misc_system,True,,activity_main.xml,D:\Tinh\Guild Master - Idle Dungeons\resources\res\drawable\advertisement.png
aegis.png,aegis,.png,32,32,631,True,item_misc,True,Aegis.java; AegisMechanica.java,,D:\Tinh\Guild Master - Idle Dungeons\resources\res\drawable\aegis.png
aegis_mechanica.png,aegis_mechanica,.png,32,32,727,True,item_misc,True,AegisMechanica.java,,D:\Tinh\Guild Master - Idle Dungeons\resources\res\drawable\aegis_mechanica.png
aether_ignis.png,aether_ignis,.png,32,32,264,True,item_misc,True,AetherIgnis.java,,D:\Tinh\Guild Master - Idle Dungeons\resources\res\drawable\aether_ignis.png
alchemic_powder.png,alchemic_powder,.png,32,32,486,True,icon_nav,True,AlchemicPowder.java,,D:\Tinh\Guild Master - Idle Dungeons\resources\res\drawable\alchemic_powder.png
algae.png,algae,.png,32,32,331,True,item_misc,True,Algae.java,,D:\Tinh\Guild Master - Idle Dungeons\resources\res\drawable\algae.png
alpha_wolf_fang.png,alpha_wolf_fang,.png,32,32,715,True,item_material,True,AlphaWolfFang.java,,D:\Tinh\Guild Master - Idle Dungeons\resources\res\drawable\alpha_wolf_fang.png
ambrosia.png,ambrosia,.png,32,32,530,True,item_misc,True,Ambrosia.java,,D:\Tinh\Guild Master - Idle Dungeons\resources\res\drawable\ambrosia.png
amulet_of_resurrection.png,amulet_of_resurrection,.png,32,32,1138,True,item_equipment,True,AmuletOfResurrection.java,,D:\Tinh\Guild Master - Idle Dungeons\resources\res\drawable\amulet_of_resurrection.png
amulet_of_the_swordsman.png,amulet_of_the_swordsman,.png,32,32,945,True,item_equipment,True,AmuletOfTheSwordsman.java,,D:\Tinh\Guild Master - Idle Dungeons\resources\res\drawable\amulet_of_the_swordsman.png
ancestral_blood.png,ancestral_blood,.png,32,32,759,True,item_material,True,AncestralBlood.java,,D:\Tinh\Guild Master - Idle Dungeons\resources\res\drawable\ancestral_blood.png
ancient_armor.png,ancient_armor,.png,32,32,967,True,item_equipment,True,AncientArmor.java,,D:\Tinh\Guild Master - Idle Dungeons\resources\res\drawable\ancient_armor.png
ancient_boots.png,ancient_boots,.png,32,32,857,True,item_equipment,True,AncientBoots.java,,D:\Tinh\Guild Master - Idle Dungeons\resources\res\drawable\ancient_boots.png
ancient_eye.png,ancient_eye,.png,32,32,855,True,item_material,True,AncientEye.java,,D:\Tinh\Guild Master - Idle Dungeons\resources\res\drawable\ancient_eye.png
ancient_gloves.png,ancient_gloves,.png,32,32,737,True,item_equipment,True,AncientGloves.java,,D:\Tinh\Guild Master - Idle Dungeons\resources\res\drawable\ancient_gloves.png
ancient_hide.png,ancient_hide,.png,32,32,797,True,item_material,True,AncientHide.java,,D:\Tinh\Guild Master - Idle Dungeons\resources\res\drawable\ancient_hide.png
ancient_jacket.png,ancient_jacket,.png,32,32,919,True,item_misc,True,AncientJacket.java,,D:\Tinh\Guild Master - Idle Dungeons\resources\res\drawable\ancient_jacket.png
ancient_membrane.png,ancient_membrane,.png,32,32,876,True,item_misc,True,AncientMembrane.java,,D:\Tinh\Guild Master - Idle Dungeons\resources\res\drawable\ancient_membrane.png
ancient_robe.png,ancient_robe,.png,32,32,622,True,item_misc,True,AncientRobe.java,,D:\Tinh\Guild Master - Idle Dungeons\resources\res\drawable\ancient_robe.png
ancient_seed.png,ancient_seed,.png,32,32,875,True,item_misc,True,AncientSeed.java,,D:\Tinh\Guild Master - Idle Dungeons\resources\res\drawable\ancient_seed.png
animated_bow.png,animated_bow,.png,32,32,648,True,item_equipment,True,AnimatedBow.java,,D:\Tinh\Guild Master - Idle Dungeons\resources\res\drawable\animated_bow.png
animated_buckler.png,animated_buckler,.png,32,32,532,True,item_misc,True,AnimatedBuckler.java,,D:\Tinh\Guild Master - Idle Dungeons\resources\res\drawable\animated_buckler.png
animated_cuirass.png,animated_cuirass,.png,32,32,938,True,item_misc,True,AnimatedCuirass.java,,D:\Tinh\Guild Master - Idle Dungeons\resources\res\drawable\animated_cuirass.png
animated_dagger.png,animated_dagger,.png,32,32,516,True,item_weapon_armor,True,AnimatedDagger.java,,D:\Tinh\Guild Master - Idle Dungeons\resources\res\drawable\animated_dagger.png
animated_helm.png,animated_helm,.png,32,32,838,True,item_misc,True,AnimatedHelm.java,,D:\Tinh\Guild Master - Idle Dungeons\resources\res\drawable\animated_helm.png
animated_icon_damaged.png,animated_icon_damaged,.png,32,32,415,True,icon_ui,True,DialogDungeonDetail.java,,D:\Tinh\Guild Master - Idle Dungeons\resources\res\drawable\animated_icon_damaged.png
animated_ingot.png,animated_ingot,.png,32,32,374,True,item_misc,True,AnimatedIngot.java,,D:\Tinh\Guild Master - Idle Dungeons\resources\res\drawable\animated_ingot.png
animated_scraps.png,animated_scraps,.png,32,32,625,True,item_misc,True,AnimatedScraps.java,,D:\Tinh\Guild Master - Idle Dungeons\resources\res\drawable\animated_scraps.png
animated_staff.png,animated_staff,.png,32,32,528,True,item_equipment,True,AnimatedStaff.java,,D:\Tinh\Guild Master - Idle Dungeons\resources\res\drawable\animated_staff.png
animated_sword.png,animated_sword,.png,32,32,639,True,item_equipment,True,AnimatedSword.java,,D:\Tinh\Guild Master - Idle Dungeons\resources\res\drawable\animated_sword.png
apple.png,apple,.png,32,32,745,True,item_misc,True,Apple.java; ApplePie.java,,D:\Tinh\Guild Master - Idle Dungeons\resources\res\drawable\apple.png
apple_pie.png,apple_pie,.png,32,32,670,True,item_misc,True,ApplePie.java,,D:\Tinh\Guild Master - Idle Dungeons\resources\res\drawable\apple_pie.png
arcane_dagger.png,arcane_dagger,.png,64,64,352,False,item_weapon_armor,True,ArcaneDagger.java,,D:\Tinh\Guild Master - Idle Dungeons\resources\res\drawable\arcane_dagger.png
archaic_amulet.png,archaic_amulet,.png,32,32,1034,True,icon_nav,True,ArchaicAmulet.java,,D:\Tinh\Guild Master - Idle Dungeons\resources\res\drawable\archaic_amulet.png
archmage_hat.png,archmage_hat,.png,32,32,504,True,character,True,ArchmageHat.java,,D:\Tinh\Guild Master - Idle Dungeons\resources\res\drawable\archmage_hat.png
area_ancient_grave_digging.png,area_ancient_grave_digging,.png,400,400,111815,False,item_misc,True,AncientGraveDigging.java,,D:\Tinh\Guild Master - Idle Dungeons\resources\res\drawable\area_ancient_grave_digging.png
area_barren_wastelands.png,area_barren_wastelands,.png,400,400,109331,False,item_misc,True,BarrenWastelands.java,,D:\Tinh\Guild Master - Idle Dungeons\resources\res\drawable\area_barren_wastelands.png
area_blackwater_port.png,area_blackwater_port,.png,400,400,118678,False,item_misc,True,BlackwaterPort.java,,D:\Tinh\Guild Master - Idle Dungeons\resources\res\drawable\area_blackwater_port.png
area_celestial_mothership.png,area_celestial_mothership,.png,400,400,328364,False,item_misc,True,CelestialMothership.java,,D:\Tinh\Guild Master - Idle Dungeons\resources\res\drawable\area_celestial_mothership.png
area_divine_archeology.png,area_divine_archeology,.png,400,400,90590,False,item_misc,True,DivineArcheology.java,,D:\Tinh\Guild Master - Idle Dungeons\resources\res\drawable\area_divine_archeology.png
area_enchanted_forest.png,area_enchanted_forest,.png,400,400,121940,False,item_misc,True,EnchantedForest.java,,D:\Tinh\Guild Master - Idle Dungeons\resources\res\drawable\area_enchanted_forest.png
area_eternal_battlefield.png,area_eternal_battlefield,.png,400,400,95282,False,item_misc,True,EternalBattlefield.java,,D:\Tinh\Guild Master - Idle Dungeons\resources\res\drawable\area_eternal_battlefield.png
area_frostbite_peaks.png,area_frostbite_peaks,.png,400,400,113416,False,item_misc,True,FrostbitePeaks.java,,D:\Tinh\Guild Master - Idle Dungeons\resources\res\drawable\area_frostbite_peaks.png
area_hidden_city_of_larox.png,area_hidden_city_of_larox,.png,200,200,104043,False,item_misc,True,HiddenCityOfLarox.java,,D:\Tinh\Guild Master - Idle Dungeons\resources\res\drawable\area_hidden_city_of_larox.png
area_imperial_rescue.png,area_imperial_rescue,.png,400,400,122317,False,item_misc,True,ImperialRescue.java,,D:\Tinh\Guild Master - Idle Dungeons\resources\res\drawable\area_imperial_rescue.png
area_kaunis.png,area_kaunis,.png,400,400,263782,False,item_misc,True,Kaunis.java,,D:\Tinh\Guild Master - Idle Dungeons\resources\res\drawable\area_kaunis.png
area_lost_lands.png,area_lost_lands,.png,400,400,363170,False,item_misc,True,LostLands.java,,D:\Tinh\Guild Master - Idle Dungeons\resources\res\drawable\area_lost_lands.png
area_obsidian_mines.png,area_obsidian_mines,.png,400,400,122675,False,item_misc,True,ObsidianMines.java,,D:\Tinh\Guild Master - Idle Dungeons\resources\res\drawable\area_obsidian_mines.png
area_sleeping_planet.png,area_sleeping_planet,.png,400,400,286731,False,item_misc,True,SleepingPlanet.java,,D:\Tinh\Guild Master - Idle Dungeons\resources\res\drawable\area_sleeping_planet.png
area_the_cultist_rebels.png,area_the_cultist_rebels,.png,400,400,86408,False,item_misc,True,TheCultistRebels.java,,D:\Tinh\Guild Master - Idle Dungeons\resources\res\drawable\area_the_cultist_rebels.png
area_the_desert.png,area_the_desert,.png,400,400,69759,False,item_misc,True,TheDesert.java,,D:\Tinh\Guild Master - Idle Dungeons\resources\res\drawable\area_the_desert.png
area_the_dire_descent.png,area_the_dire_descent,.png,400,400,302195,False,item_misc,True,TheDireDescent.java,,D:\Tinh\Guild Master - Idle Dungeons\resources\res\drawable\area_the_dire_descent.png
area_the_dreadful_ascent.png,area_the_dreadful_ascent,.png,400,400,126542,False,item_misc,True,TheDreadfulAscent.java,,D:\Tinh\Guild Master - Idle Dungeons\resources\res\drawable\area_the_dreadful_ascent.png
area_the_golden_city.png,area_the_golden_city,.png,400,400,127341,False,resource_currency,True,TheGoldenCity.java,,D:\Tinh\Guild Master - Idle Dungeons\resources\res\drawable\area_the_golden_city.png
area_the_lost_expedition.png,area_the_lost_expedition,.png,400,400,206614,False,item_misc,True,TheLostExpedition.java,,D:\Tinh\Guild Master - Idle Dungeons\resources\res\drawable\area_the_lost_expedition.png
area_the_slime_pond.png,area_the_slime_pond,.png,400,400,123333,True,item_misc,True,TheSlimePond.java,,D:\Tinh\Guild Master - Idle Dungeons\resources\res\drawable\area_the_slime_pond.png
area_the_southern_grove.png,area_the_southern_grove,.png,400,400,115693,False,item_misc,True,TheSouthernGrove.java,,D:\Tinh\Guild Master - Idle Dungeons\resources\res\drawable\area_the_southern_grove.png
area_the_tower.png,area_the_tower,.png,400,400,200811,False,item_misc,True,TheTower.java,,D:\Tinh\Guild Master - Idle Dungeons\resources\res\drawable\area_the_tower.png
armor_of_the_dryad.png,armor_of_the_dryad,.png,32,32,1049,True,item_equipment,True,ArmorOfTheDryad.java,,D:\Tinh\Guild Master - Idle Dungeons\resources\res\drawable\armor_of_the_dryad.png
armor_of_the_undying.png,armor_of_the_undying,.png,32,32,921,True,item_equipment,True,ArmorOfTheUndying.java,,D:\Tinh\Guild Master - Idle Dungeons\resources\res\drawable\armor_of_the_undying.png
arrow_up_brass_multiple.png,arrow_up_brass_multiple,.png,32,32,228,True,icon_ui,True,,dialog_entity_detail.xml,D:\Tinh\Guild Master - Idle Dungeons\resources\res\drawable\arrow_up_brass_multiple.png
ascended_bow.png,ascended_bow,.png,32,32,650,True,item_equipment,True,AscendedBow.java,,D:\Tinh\Guild Master - Idle Dungeons\resources\res\drawable\ascended_bow.png
astral_goo.png,astral_goo,.png,32,32,359,True,item_misc,True,AstralGoo.java,,D:\Tinh\Guild Master - Idle Dungeons\resources\res\drawable\astral_goo.png
avocado.png,avocado,.png,32,32,351,True,item_misc,True,Avocado.java,,D:\Tinh\Guild Master - Idle Dungeons\resources\res\drawable\avocado.png
bag_of_choking_powder.png,bag_of_choking_powder,.png,32,32,413,True,item_misc,True,BagOfChokingPowder.java,,D:\Tinh\Guild Master - Idle Dungeons\resources\res\drawable\bag_of_choking_powder.png
banana.png,banana,.png,32,32,584,True,item_misc,True,Banana.java,,D:\Tinh\Guild Master - Idle Dungeons\resources\res\drawable\banana.png
banshee_bow.png,banshee_bow,.png,32,32,585,True,item_equipment,True,BansheeBow.java,,D:\Tinh\Guild Master - Idle Dungeons\resources\res\drawable\banshee_bow.png
banshee_claw.png,banshee_claw,.png,32,32,481,True,item_material,True,BansheeClaw.java,,D:\Tinh\Guild Master - Idle Dungeons\resources\res\drawable\banshee_claw.png
banshee_dagger.png,banshee_dagger,.png,32,32,397,True,item_weapon_armor,True,BansheeDagger.java,,D:\Tinh\Guild Master - Idle Dungeons\resources\res\drawable\banshee_dagger.png
banshee_gloves.png,banshee_gloves,.png,32,32,739,True,item_equipment,True,BansheeGloves.java,,D:\Tinh\Guild Master - Idle Dungeons\resources\res\drawable\banshee_gloves.png
banshee_horn.png,banshee_horn,.png,32,32,501,True,item_material,True,BansheeHorn.java,,D:\Tinh\Guild Master - Idle Dungeons\resources\res\drawable\banshee_horn.png
banshee_jacket.png,banshee_jacket,.png,32,32,778,True,item_misc,True,BansheeJacket.java,,D:\Tinh\Guild Master - Idle Dungeons\resources\res\drawable\banshee_jacket.png
banshee_scale.png,banshee_scale,.png,32,32,718,True,item_material,True,BansheeScale.java,,D:\Tinh\Guild Master - Idle Dungeons\resources\res\drawable\banshee_scale.png
banshee_scream.png,banshee_scream,.png,32,32,711,True,item_misc,True,BansheeScream.java,,D:\Tinh\Guild Master - Idle Dungeons\resources\res\drawable\banshee_scream.png
bat_tooth.png,bat_tooth,.png,32,32,587,True,item_material,True,BatTooth.java,,D:\Tinh\Guild Master - Idle Dungeons\resources\res\drawable\bat_tooth.png
bat_wing.png,bat_wing,.png,32,32,737,True,item_misc,True,BatWing.java,,D:\Tinh\Guild Master - Idle Dungeons\resources\res\drawable\bat_wing.png
beast_pelt.png,beast_pelt,.png,32,32,559,True,item_misc,True,BeastPelt.java,,D:\Tinh\Guild Master - Idle Dungeons\resources\res\drawable\beast_pelt.png
beastmaster_jacket.png,beastmaster_jacket,.png,32,32,979,True,item_misc,True,BeastmasterJacket.java,,D:\Tinh\Guild Master - Idle Dungeons\resources\res\drawable\beastmaster_jacket.png
belt_jacket.png,belt_jacket,.png,32,32,864,True,item_weapon_armor,True,BeltJacket.java,,D:\Tinh\Guild Master - Idle Dungeons\resources\res\drawable\belt_jacket.png
black_hide.png,black_hide,.png,32,32,437,True,item_material,True,BlackHide.java,,D:\Tinh\Guild Master - Idle Dungeons\resources\res\drawable\black_hide.png
black_iron_armor.png,black_iron_armor,.png,32,32,653,True,item_equipment,True,BlackIronArmor.java,,D:\Tinh\Guild Master - Idle Dungeons\resources\res\drawable\black_iron_armor.png
black_iron_cutlass.png,black_iron_cutlass,.png,64,64,291,False,item_misc,True,BlackIronCutlass.java,,D:\Tinh\Guild Master - Idle Dungeons\resources\res\drawable\black_iron_cutlass.png
black_iron_dagger.png,black_iron_dagger,.png,32,32,339,True,item_weapon_armor,True,BlackIronDagger.java,,D:\Tinh\Guild Master - Idle Dungeons\resources\res\drawable\black_iron_dagger.png
black_iron_gauntlets.png,black_iron_gauntlets,.png,32,32,779,True,item_misc,True,BlackIronGauntlets.java,,D:\Tinh\Guild Master - Idle Dungeons\resources\res\drawable\black_iron_gauntlets.png
black_iron_helm.png,black_iron_helm,.png,32,32,731,True,item_misc,True,BlackIronHelm.java,,D:\Tinh\Guild Master - Idle Dungeons\resources\res\drawable\black_iron_helm.png
black_iron_ingot.png,black_iron_ingot,.png,32,32,308,True,item_misc,True,BlackIronIngot.java,,D:\Tinh\Guild Master - Idle Dungeons\resources\res\drawable\black_iron_ingot.png
black_iron_scepter.png,black_iron_scepter,.png,32,32,391,True,item_weapon_armor,True,BlackIronScepter.java,,D:\Tinh\Guild Master - Idle Dungeons\resources\res\drawable\black_iron_scepter.png
black_iron_scraps.png,black_iron_scraps,.png,32,32,486,True,item_misc,True,BlackIronScraps.java,,D:\Tinh\Guild Master - Idle Dungeons\resources\res\drawable\black_iron_scraps.png
black_ooze.png,black_ooze,.png,32,32,593,True,item_misc,True,BlackOoze.java,,D:\Tinh\Guild Master - Idle Dungeons\resources\res\drawable\black_ooze.png
bleak_boots.png,bleak_boots,.png,32,32,733,True,item_equipment,True,BleakBoots.java,,D:\Tinh\Guild Master - Idle Dungeons\resources\res\drawable\bleak_boots.png
bleak_gloves.png,bleak_gloves,.png,32,32,801,True,item_equipment,True,BleakGloves.java,,D:\Tinh\Guild Master - Idle Dungeons\resources\res\drawable\bleak_gloves.png
blueberry.png,blueberry,.png,32,32,208,True,item_misc,True,Blueberry.java; BlueberryPancake.java; BlueberrySmoothie.java,,D:\Tinh\Guild Master - Idle Dungeons\resources\res\drawable\blueberry.png
blueberry_pancake.png,blueberry_pancake,.png,32,32,473,True,item_misc,True,BlueberryPancake.java,,D:\Tinh\Guild Master - Idle Dungeons\resources\res\drawable\blueberry_pancake.png
blueberry_smoothie.png,blueberry_smoothie,.png,32,32,435,True,item_misc,True,BlueberrySmoothie.java,,D:\Tinh\Guild Master - Idle Dungeons\resources\res\drawable\blueberry_smoothie.png
boar_tusk.png,boar_tusk,.png,32,32,714,True,item_misc,True,BoarTusk.java,,D:\Tinh\Guild Master - Idle Dungeons\resources\res\drawable\boar_tusk.png
bone_fragment.png,bone_fragment,.png,32,32,536,True,item_misc,True,BoneFragment.java,,D:\Tinh\Guild Master - Idle Dungeons\resources\res\drawable\bone_fragment.png
bottled_sand_spirit.png,bottled_sand_spirit,.png,32,32,812,True,item_misc,True,BottledSandSpirit.java,,D:\Tinh\Guild Master - Idle Dungeons\resources\res\drawable\bottled_sand_spirit.png
bottom_nav_adventurers.png,bottom_nav_adventurers,.png,48,48,743,True,icon_nav,False,,,D:\Tinh\Guild Master - Idle Dungeons\resources\res\drawable\bottom_nav_adventurers.png
bottom_nav_dungeons.png,bottom_nav_dungeons,.png,64,64,882,True,icon_nav,False,,,D:\Tinh\Guild Master - Idle Dungeons\resources\res\drawable\bottom_nav_dungeons.png
bottom_nav_raids.png,bottom_nav_raids,.png,32,32,401,True,icon_nav,False,,,D:\Tinh\Guild Master - Idle Dungeons\resources\res\drawable\bottom_nav_raids.png
bread.png,bread,.png,32,32,1046,True,item_consumable,True,Bread.java,,D:\Tinh\Guild Master - Idle Dungeons\resources\res\drawable\bread.png
breathtaking_robe.png,breathtaking_robe,.png,32,32,756,True,item_misc,True,BreathtakingRobe.java,,D:\Tinh\Guild Master - Idle Dungeons\resources\res\drawable\breathtaking_robe.png
burning_censer.png,burning_censer,.png,32,32,1032,True,item_misc,True,BurningCenser.java,,D:\Tinh\Guild Master - Idle Dungeons\resources\res\drawable\burning_censer.png
burning_effigy.png,burning_effigy,.png,32,32,1503,True,item_misc,True,BurningEffigy.java,,D:\Tinh\Guild Master - Idle Dungeons\resources\res\drawable\burning_effigy.png
butter.png,butter,.png,32,32,608,True,item_misc,True,Butter.java,,D:\Tinh\Guild Master - Idle Dungeons\resources\res\drawable\butter.png
cane.png,cane,.png,32,32,299,True,item_misc,True,Cane.java,,D:\Tinh\Guild Master - Idle Dungeons\resources\res\drawable\cane.png
celestial_armor.png,celestial_armor,.png,32,32,1049,True,item_equipment,True,CelestialArmor.java,,D:\Tinh\Guild Master - Idle Dungeons\resources\res\drawable\celestial_armor.png
celestial_helmet.png,celestial_helmet,.png,32,32,539,True,item_equipment,True,CelestialHelmet.java,,D:\Tinh\Guild Master - Idle Dungeons\resources\res\drawable\celestial_helmet.png
celestial_metal.png,celestial_metal,.png,32,32,333,True,item_material,True,CelestialMetal.java,,D:\Tinh\Guild Master - Idle Dungeons\resources\res\drawable\celestial_metal.png
celestial_scraps.png,celestial_scraps,.png,32,32,525,True,item_misc,True,CelestialScraps.java,,D:\Tinh\Guild Master - Idle Dungeons\resources\res\drawable\celestial_scraps.png
celestial_shield.png,celestial_shield,.png,32,32,1855,True,item_equipment,True,CelestialShield.java,,D:\Tinh\Guild Master - Idle Dungeons\resources\res\drawable\celestial_shield.png
celestial_sword.png,celestial_sword,.png,32,32,353,True,item_equipment,True,CelestialSword.java,,D:\Tinh\Guild Master - Idle Dungeons\resources\res\drawable\celestial_sword.png
celestials_mercy.png,celestials_mercy,.png,32,32,772,True,item_misc,True,CelestialMercy.java,,D:\Tinh\Guild Master - Idle Dungeons\resources\res\drawable\celestials_mercy.png
ceremonial_cake.png,ceremonial_cake,.png,32,32,921,True,item_misc,True,CeremonialCake.java,,D:\Tinh\Guild Master - Idle Dungeons\resources\res\drawable\ceremonial_cake.png
ceremonial_dagger.png,ceremonial_dagger,.png,32,32,814,True,item_weapon_armor,True,CeremonialDagger.java,,D:\Tinh\Guild Master - Idle Dungeons\resources\res\drawable\ceremonial_dagger.png
chain_link.png,chain_link,.png,32,32,389,True,item_misc,True,ChainLink.java,,D:\Tinh\Guild Master - Idle Dungeons\resources\res\drawable\chain_link.png
chain_of_redemption.png,chain_of_redemption,.png,32,32,764,True,item_misc,True,ChainOfRedemption.java,,D:\Tinh\Guild Master - Idle Dungeons\resources\res\drawable\chain_of_redemption.png
champion_armor.png,champion_armor,.png,32,32,737,True,item_equipment,True,ChampionArmor.java,,D:\Tinh\Guild Master - Idle Dungeons\resources\res\drawable\champion_armor.png
charred_heart.png,charred_heart,.png,32,32,1178,True,item_misc,True,CharredHeart.java,,D:\Tinh\Guild Master - Idle Dungeons\resources\res\drawable\charred_heart.png
cheese.png,cheese,.png,32,32,742,True,item_consumable,True,Cheese.java; CheeseRisotto.java; Cheesecake.java,,D:\Tinh\Guild Master - Idle Dungeons\resources\res\drawable\cheese.png
cheese_risotto.png,cheese_risotto,.png,32,32,729,True,item_consumable,True,CheeseRisotto.java,,D:\Tinh\Guild Master - Idle Dungeons\resources\res\drawable\cheese_risotto.png
cheesecake.png,cheesecake,.png,32,32,672,True,item_consumable,True,Cheesecake.java,,D:\Tinh\Guild Master - Idle Dungeons\resources\res\drawable\cheesecake.png
chief_scientist_coat.png,chief_scientist_coat,.png,32,32,876,True,item_misc,True,ChiefScientistCoat.java,,D:\Tinh\Guild Master - Idle Dungeons\resources\res\drawable\chief_scientist_coat.png
chocolate.png,chocolate,.png,32,32,372,True,item_misc,True,Chocolate.java,,D:\Tinh\Guild Master - Idle Dungeons\resources\res\drawable\chocolate.png
cleansing_potion.png,cleansing_potion,.png,32,32,1245,True,misc_system,True,CleansingPotion.java,,D:\Tinh\Guild Master - Idle Dungeons\resources\res\drawable\cleansing_potion.png
cloak_of_redemption.png,cloak_of_redemption,.png,32,32,850,True,item_misc,True,CloakOfRedemption.java,,D:\Tinh\Guild Master - Idle Dungeons\resources\res\drawable\cloak_of_redemption.png
cloth.png,cloth,.png,32,32,449,True,item_misc,True,Cloth.java; ClothRobe.java,,D:\Tinh\Guild Master - Idle Dungeons\resources\res\drawable\cloth.png
cloth_robe.png,cloth_robe,.png,32,32,829,True,item_misc,True,ClothRobe.java,,D:\Tinh\Guild Master - Idle Dungeons\resources\res\drawable\cloth_robe.png
cobweb_bundle.png,cobweb_bundle,.png,32,32,698,True,item_misc,True,CobwebBundle.java,,D:\Tinh\Guild Master - Idle Dungeons\resources\res\drawable\cobweb_bundle.png
coffee.png,coffee,.png,32,32,421,True,item_misc,True,Coffee.java,,D:\Tinh\Guild Master - Idle Dungeons\resources\res\drawable\coffee.png
coin_copper.png,coin_copper,.png,19,19,227,True,resource_currency,True,,layout_money.xml,D:\Tinh\Guild Master - Idle Dungeons\resources\res\drawable\coin_copper.png
coin_gold.png,coin_gold,.png,19,19,210,True,resource_currency,True,,layout_money.xml,D:\Tinh\Guild Master - Idle Dungeons\resources\res\drawable\coin_gold.png
coin_platinum.png,coin_platinum,.png,19,19,222,True,resource_currency,True,,layout_money.xml,D:\Tinh\Guild Master - Idle Dungeons\resources\res\drawable\coin_platinum.png
coin_purse.png,coin_purse,.png,32,32,1096,True,resource_currency,True,CoinPurse.java,,D:\Tinh\Guild Master - Idle Dungeons\resources\res\drawable\coin_purse.png
coin_silver.png,coin_silver,.png,19,19,221,True,resource_currency,True,,layout_money.xml,D:\Tinh\Guild Master - Idle Dungeons\resources\res\drawable\coin_silver.png
colossal_sword.png,colossal_sword,.png,32,32,518,True,item_equipment,True,ColossalSword.java,,D:\Tinh\Guild Master - Idle Dungeons\resources\res\drawable\colossal_sword.png
consume_egg.png,consume_egg,.png,50,50,794,True,item_misc,True,Egg.java,,D:\Tinh\Guild Master - Idle Dungeons\resources\res\drawable\consume_egg.png
consume_evo23_vial.png,consume_evo23_vial,.png,80,80,951,True,item_misc,True,Evo23Vial.java; Evo23Vial2.java,,D:\Tinh\Guild Master - Idle Dungeons\resources\res\drawable\consume_evo23_vial.png
consume_food.png,consume_food,.png,96,96,1607,True,misc_system,True,DialogItemDetail.java; Food.java,,D:\Tinh\Guild Master - Idle Dungeons\resources\res\drawable\consume_food.png
consume_geode.png,consume_geode,.png,96,96,2024,True,item_misc,True,Geode.java,,D:\Tinh\Guild Master - Idle Dungeons\resources\res\drawable\consume_geode.png
consume_intercession.png,consume_intercession,.png,64,64,2647,True,misc_system,True,Intercession.java,,D:\Tinh\Guild Master - Idle Dungeons\resources\res\drawable\consume_intercession.png
consume_potion.png,consume_potion,.png,67,67,1152,True,misc_system,True,DialogItemDetail.java; Potion.java; PotionOfClumsiness.java; PotionOfRejuvenation.java,,D:\Tinh\Guild Master - Idle Dungeons\resources\res\drawable\consume_potion.png
consume_potion_of_rejuvenation.png,consume_potion_of_rejuvenation,.png,50,50,760,True,misc_system,True,PotionOfRejuvenation.java,,D:\Tinh\Guild Master - Idle Dungeons\resources\res\drawable\consume_potion_of_rejuvenation.png
containment_orb.png,containment_orb,.png,32,32,750,True,item_misc,True,ContainmentOrb.java,,D:\Tinh\Guild Master - Idle Dungeons\resources\res\drawable\containment_orb.png
cookie.png,cookie,.png,32,32,957,True,item_misc,True,Cookie.java,,D:\Tinh\Guild Master - Idle Dungeons\resources\res\drawable\cookie.png
copper_armor.png,copper_armor,.png,32,32,775,True,item_equipment,True,CopperArmor.java,,D:\Tinh\Guild Master - Idle Dungeons\resources\res\drawable\copper_armor.png
copper_helmet.png,copper_helmet,.png,32,32,428,True,item_equipment,True,CopperHelmet.java,,D:\Tinh\Guild Master - Idle Dungeons\resources\res\drawable\copper_helmet.png
copper_ingot.png,copper_ingot,.png,64,64,276,False,item_misc,True,CopperIngot.java,,D:\Tinh\Guild Master - Idle Dungeons\resources\res\drawable\copper_ingot.png
copper_ore.png,copper_ore,.png,64,64,334,False,item_material,True,CopperOre.java,,D:\Tinh\Guild Master - Idle Dungeons\resources\res\drawable\copper_ore.png
copper_sword.png,copper_sword,.png,32,32,471,True,item_equipment,True,CopperSword.java,,D:\Tinh\Guild Master - Idle Dungeons\resources\res\drawable\copper_sword.png
corrupted_dagger.png,corrupted_dagger,.png,64,64,328,False,item_weapon_armor,True,CorruptedDagger.java,,D:\Tinh\Guild Master - Idle Dungeons\resources\res\drawable\corrupted_dagger.png
corrupted_shield.png,corrupted_shield,.png,32,32,718,True,item_equipment,True,CorruptedShield.java,,D:\Tinh\Guild Master - Idle Dungeons\resources\res\drawable\corrupted_shield.png
corrupted_staff.png,corrupted_staff,.png,64,64,397,False,item_equipment,True,CorruptedStaff.java,,D:\Tinh\Guild Master - Idle Dungeons\resources\res\drawable\corrupted_staff.png
corsair_leather.png,corsair_leather,.png,32,32,440,True,item_material,True,CorsairLeather.java,,D:\Tinh\Guild Master - Idle Dungeons\resources\res\drawable\corsair_leather.png
cosmic_violin.png,cosmic_violin,.png,32,32,525,True,icon_nav,True,CosmicViolin.java,,D:\Tinh\Guild Master - Idle Dungeons\resources\res\drawable\cosmic_violin.png
cottontail_fur.png,cottontail_fur,.png,32,32,745,True,item_misc,True,CottontailFur.java,,D:\Tinh\Guild Master - Idle Dungeons\resources\res\drawable\cottontail_fur.png
cottontail_jacket.png,cottontail_jacket,.png,32,32,758,True,item_misc,True,CottontailJacket.java,,D:\Tinh\Guild Master - Idle Dungeons\resources\res\drawable\cottontail_jacket.png
crimson_brew.png,crimson_brew,.png,32,32,991,True,item_misc,True,CrimsonBrew.java,,D:\Tinh\Guild Master - Idle Dungeons\resources\res\drawable\crimson_brew.png
crimson_leech.png,crimson_leech,.png,32,32,403,True,item_misc,True,CrimsonLeech.java,,D:\Tinh\Guild Master - Idle Dungeons\resources\res\drawable\crimson_leech.png
crusader_insigna.png,crusader_insigna,.png,32,32,430,True,item_misc,True,CrusaderInsigna.java,,D:\Tinh\Guild Master - Idle Dungeons\resources\res\drawable\crusader_insigna.png
crushing_depth.png,crushing_depth,.png,32,32,509,True,item_misc,True,CrushingDepth.java,,D:\Tinh\Guild Master - Idle Dungeons\resources\res\drawable\crushing_depth.png
crystal_dagger.png,crystal_dagger,.png,32,32,318,True,resource_currency,True,CrystalDagger.java,,D:\Tinh\Guild Master - Idle Dungeons\resources\res\drawable\crystal_dagger.png
crystal_staff.png,crystal_staff,.png,64,64,401,False,item_equipment,True,CrystalStaff.java,,D:\Tinh\Guild Master - Idle Dungeons\resources\res\drawable\crystal_staff.png
cunning_demise.png,cunning_demise,.png,32,32,775,True,item_misc,True,CunningDemise.java,,D:\Tinh\Guild Master - Idle Dungeons\resources\res\drawable\cunning_demise.png
cunning_downfall.png,cunning_downfall,.png,32,32,720,True,item_misc,True,CunningDownfall.java,,D:\Tinh\Guild Master - Idle Dungeons\resources\res\drawable\cunning_downfall.png
cursed_bow.png,cursed_bow,.png,32,32,594,True,item_equipment,True,CursedBow.java,,D:\Tinh\Guild Master - Idle Dungeons\resources\res\drawable\cursed_bow.png
cursed_claws.png,cursed_claws,.png,32,32,679,True,item_misc,True,CursedClaws.java,,D:\Tinh\Guild Master - Idle Dungeons\resources\res\drawable\cursed_claws.png
cursed_helm.png,cursed_helm,.png,32,32,1001,True,item_misc,True,CursedHelm.java,,D:\Tinh\Guild Master - Idle Dungeons\resources\res\drawable\cursed_helm.png
cursed_jacket.png,cursed_jacket,.png,32,32,969,True,item_misc,True,CursedJacket.java,,D:\Tinh\Guild Master - Idle Dungeons\resources\res\drawable\cursed_jacket.png
cursed_scepter.png,cursed_scepter,.png,32,32,732,True,item_weapon_armor,True,CursedScepter.java,,D:\Tinh\Guild Master - Idle Dungeons\resources\res\drawable\cursed_scepter.png
cursed_silver.png,cursed_silver,.png,32,32,1099,True,item_material,True,CursedSilver.java,,D:\Tinh\Guild Master - Idle Dungeons\resources\res\drawable\cursed_silver.png
darkness_0.png,darkness_0,.png,52,52,609,True,item_misc,True,DialogDungeonDetail.java,,D:\Tinh\Guild Master - Idle Dungeons\resources\res\drawable\darkness_0.png
darkness_1.png,darkness_1,.png,52,52,714,True,item_misc,True,DialogDungeonDetail.java,,D:\Tinh\Guild Master - Idle Dungeons\resources\res\drawable\darkness_1.png
darkness_2.png,darkness_2,.png,52,52,707,True,item_misc,True,DialogDungeonDetail.java,,D:\Tinh\Guild Master - Idle Dungeons\resources\res\drawable\darkness_2.png
darkness_3.png,darkness_3,.png,52,52,712,True,item_misc,True,DialogDungeonDetail.java,,D:\Tinh\Guild Master - Idle Dungeons\resources\res\drawable\darkness_3.png
darkness_4.png,darkness_4,.png,52,52,723,True,item_misc,True,DialogDungeonDetail.java,,D:\Tinh\Guild Master - Idle Dungeons\resources\res\drawable\darkness_4.png
darkness_5.png,darkness_5,.png,52,52,592,True,item_misc,True,DialogDungeonDetail.java,,D:\Tinh\Guild Master - Idle Dungeons\resources\res\drawable\darkness_5.png
death_ray_scepter.png,death_ray_scepter,.png,32,32,237,True,item_weapon_armor,True,DeathRayScepter.java,,D:\Tinh\Guild Master - Idle Dungeons\resources\res\drawable\death_ray_scepter.png
decomposed_limb.png,decomposed_limb,.png,32,32,823,True,item_misc,True,DecomposedLimb.java,,D:\Tinh\Guild Master - Idle Dungeons\resources\res\drawable\decomposed_limb.png
deep_sea_jacket.png,deep_sea_jacket,.png,32,32,994,True,item_misc,True,DeepSeaJacket.java,,D:\Tinh\Guild Master - Idle Dungeons\resources\res\drawable\deep_sea_jacket.png
deep_sea_robe.png,deep_sea_robe,.png,32,32,813,True,item_misc,True,DeepSeaRobe.java,,D:\Tinh\Guild Master - Idle Dungeons\resources\res\drawable\deep_sea_robe.png
deep_sea_velvet.png,deep_sea_velvet,.png,32,32,509,True,item_misc,True,DeepSeaVelvet.java,,D:\Tinh\Guild Master - Idle Dungeons\resources\res\drawable\deep_sea_velvet.png
deviled_eggs.png,deviled_eggs,.png,32,32,693,True,item_misc,True,DeviledEggs.java,,D:\Tinh\Guild Master - Idle Dungeons\resources\res\drawable\deviled_eggs.png
diamond.png,diamond,.png,32,32,451,True,resource_currency,True,Diamond.java; DiamondAmulet.java,,D:\Tinh\Guild Master - Idle Dungeons\resources\res\drawable\diamond.png
diamond_amulet.png,diamond_amulet,.png,32,32,779,True,item_equipment,True,DiamondAmulet.java,,D:\Tinh\Guild Master - Idle Dungeons\resources\res\drawable\diamond_amulet.png
dino_ribs.png,dino_ribs,.png,32,32,905,True,item_misc,True,DinoRibs.java,,D:\Tinh\Guild Master - Idle Dungeons\resources\res\drawable\dino_ribs.png
divine_embryo.png,divine_embryo,.png,32,32,1059,True,item_misc,True,DivineEmbryo.java,,D:\Tinh\Guild Master - Idle Dungeons\resources\res\drawable\divine_embryo.png
divine_larvae.png,divine_larvae,.png,32,32,1161,True,item_misc,True,DivineLarvae.java,,D:\Tinh\Guild Master - Idle Dungeons\resources\res\drawable\divine_larvae.png
divine_zygote.png,divine_zygote,.png,32,32,1298,True,item_misc,True,DivineZygote.java,,D:\Tinh\Guild Master - Idle Dungeons\resources\res\drawable\divine_zygote.png
djinn_tonic.png,djinn_tonic,.png,32,32,825,True,item_misc,True,DjinnTonic.java,,D:\Tinh\Guild Master - Idle Dungeons\resources\res\drawable\djinn_tonic.png
doctrine_ability_arcane_suppression.png,doctrine_ability_arcane_suppression,.png,64,64,7261,True,misc_system,True,DoctrineAbilityType.java,,D:\Tinh\Guild Master - Idle Dungeons\resources\res\drawable\doctrine_ability_arcane_suppression.png
doctrine_ability_beat_the_odds.png,doctrine_ability_beat_the_odds,.png,64,64,2950,True,misc_system,True,DoctrineAbilityType.java,,D:\Tinh\Guild Master - Idle Dungeons\resources\res\drawable\doctrine_ability_beat_the_odds.png
doctrine_ability_chilling_flow.png,doctrine_ability_chilling_flow,.png,64,64,5173,True,misc_system,True,DoctrineAbilityType.java,,D:\Tinh\Guild Master - Idle Dungeons\resources\res\drawable\doctrine_ability_chilling_flow.png
doctrine_ability_conditioned_reflexes.png,doctrine_ability_conditioned_reflexes,.png,64,64,914,False,misc_system,True,DoctrineAbilityType.java,,D:\Tinh\Guild Master - Idle Dungeons\resources\res\drawable\doctrine_ability_conditioned_reflexes.png
doctrine_ability_divine_intervention.png,doctrine_ability_divine_intervention,.png,64,64,6527,True,misc_system,True,DoctrineAbilityType.java,,D:\Tinh\Guild Master - Idle Dungeons\resources\res\drawable\doctrine_ability_divine_intervention.png
doctrine_ability_ephemeral_presence.png,doctrine_ability_ephemeral_presence,.png,64,64,4008,True,misc_system,True,DoctrineAbilityType.java,,D:\Tinh\Guild Master - Idle Dungeons\resources\res\drawable\doctrine_ability_ephemeral_presence.png
doctrine_ability_exalted_constitution.png,doctrine_ability_exalted_constitution,.png,64,64,4997,True,misc_system,True,DoctrineAbilityType.java,,D:\Tinh\Guild Master - Idle Dungeons\resources\res\drawable\doctrine_ability_exalted_constitution.png
doctrine_ability_exalted_dexterity.png,doctrine_ability_exalted_dexterity,.png,64,64,3030,True,misc_system,True,DoctrineAbilityType.java,,D:\Tinh\Guild Master - Idle Dungeons\resources\res\drawable\doctrine_ability_exalted_dexterity.png
doctrine_ability_exalted_health.png,doctrine_ability_exalted_health,.png,64,64,288,False,misc_system,True,DoctrineAbilityType.java,,D:\Tinh\Guild Master - Idle Dungeons\resources\res\drawable\doctrine_ability_exalted_health.png
doctrine_ability_exalted_intelligence.png,doctrine_ability_exalted_intelligence,.png,64,64,5381,True,misc_system,True,DoctrineAbilityType.java,,D:\Tinh\Guild Master - Idle Dungeons\resources\res\drawable\doctrine_ability_exalted_intelligence.png
doctrine_ability_exalted_mana.png,doctrine_ability_exalted_mana,.png,64,64,2878,True,misc_system,True,DoctrineAbilityType.java,,D:\Tinh\Guild Master - Idle Dungeons\resources\res\drawable\doctrine_ability_exalted_mana.png
doctrine_ability_exploit_weakness.png,doctrine_ability_exploit_weakness,.png,64,64,2516,True,misc_system,True,DoctrineAbilityType.java,,D:\Tinh\Guild Master - Idle Dungeons\resources\res\drawable\doctrine_ability_exploit_weakness.png
doctrine_ability_expose_weakness.png,doctrine_ability_expose_weakness,.png,64,64,1107,False,misc_system,True,DoctrineAbilityType.java,,D:\Tinh\Guild Master - Idle Dungeons\resources\res\drawable\doctrine_ability_expose_weakness.png
doctrine_ability_eye_for_an_eye.png,doctrine_ability_eye_for_an_eye,.png,64,64,6649,True,misc_system,True,DoctrineAbilityType.java,,D:\Tinh\Guild Master - Idle Dungeons\resources\res\drawable\doctrine_ability_eye_for_an_eye.png
doctrine_ability_false_life.png,doctrine_ability_false_life,.png,64,64,2140,True,misc_system,True,DoctrineAbilityType.java,,D:\Tinh\Guild Master - Idle Dungeons\resources\res\drawable\doctrine_ability_false_life.png
doctrine_ability_genus_vampyri.png,doctrine_ability_genus_vampyri,.png,64,64,6583,True,misc_system,True,DoctrineAbilityType.java,,D:\Tinh\Guild Master - Idle Dungeons\resources\res\drawable\doctrine_ability_genus_vampyri.png
doctrine_ability_healing_nova.png,doctrine_ability_healing_nova,.png,64,64,3260,True,misc_system,True,DoctrineAbilityType.java,,D:\Tinh\Guild Master - Idle Dungeons\resources\res\drawable\doctrine_ability_healing_nova.png
doctrine_ability_impenetrable_willpower.png,doctrine_ability_impenetrable_willpower,.png,64,64,1127,False,misc_system,True,DoctrineAbilityType.java,,D:\Tinh\Guild Master - Idle Dungeons\resources\res\drawable\doctrine_ability_impenetrable_willpower.png
doctrine_ability_improved_constitution.png,doctrine_ability_improved_constitution,.png,64,64,5004,True,misc_system,True,DoctrineAbilityType.java,,D:\Tinh\Guild Master - Idle Dungeons\resources\res\drawable\doctrine_ability_improved_constitution.png
doctrine_ability_improved_dexterity.png,doctrine_ability_improved_dexterity,.png,64,64,3030,True,misc_system,True,DoctrineAbilityType.java,,D:\Tinh\Guild Master - Idle Dungeons\resources\res\drawable\doctrine_ability_improved_dexterity.png
doctrine_ability_improved_health.png,doctrine_ability_improved_health,.png,64,64,288,False,misc_system,True,DoctrineAbilityType.java,,D:\Tinh\Guild Master - Idle Dungeons\resources\res\drawable\doctrine_ability_improved_health.png
doctrine_ability_improved_intelligence.png,doctrine_ability_improved_intelligence,.png,64,64,5392,True,misc_system,True,DoctrineAbilityType.java,,D:\Tinh\Guild Master - Idle Dungeons\resources\res\drawable\doctrine_ability_improved_intelligence.png
doctrine_ability_lightning_speed.png,doctrine_ability_lightning_speed,.png,64,64,10661,True,misc_system,True,DoctrineAbilityType.java,,D:\Tinh\Guild Master - Idle Dungeons\resources\res\drawable\doctrine_ability_lightning_speed.png
doctrine_ability_lore_master.png,doctrine_ability_lore_master,.png,64,64,5092,True,misc_system,True,DoctrineAbilityType.java,,D:\Tinh\Guild Master - Idle Dungeons\resources\res\drawable\doctrine_ability_lore_master.png
doctrine_ability_manifest_danger.png,doctrine_ability_manifest_danger,.png,64,64,3237,True,misc_system,True,DoctrineAbilityType.java,,D:\Tinh\Guild Master - Idle Dungeons\resources\res\drawable\doctrine_ability_manifest_danger.png
doctrine_ability_mind_bender.png,doctrine_ability_mind_bender,.png,64,64,1898,False,misc_system,True,DoctrineAbilityType.java,,D:\Tinh\Guild Master - Idle Dungeons\resources\res\drawable\doctrine_ability_mind_bender.png
doctrine_ability_mirror_of_anguish.png,doctrine_ability_mirror_of_anguish,.png,64,64,7045,True,misc_system,True,DoctrineAbilityType.java,,D:\Tinh\Guild Master - Idle Dungeons\resources\res\drawable\doctrine_ability_mirror_of_anguish.png
doctrine_ability_necrosis_porphyrica.png,doctrine_ability_necrosis_porphyrica,.png,64,64,3351,True,misc_system,True,DoctrineAbilityType.java,,D:\Tinh\Guild Master - Idle Dungeons\resources\res\drawable\doctrine_ability_necrosis_porphyrica.png
doctrine_ability_overheal.png,doctrine_ability_overheal,.png,64,64,1575,False,misc_system,True,DoctrineAbilityType.java,,D:\Tinh\Guild Master - Idle Dungeons\resources\res\drawable\doctrine_ability_overheal.png
doctrine_ability_ragebound.png,doctrine_ability_ragebound,.png,64,64,7255,False,misc_system,True,DoctrineAbilityType.java,,D:\Tinh\Guild Master - Idle Dungeons\resources\res\drawable\doctrine_ability_ragebound.png
doctrine_ability_relentless_assault.png,doctrine_ability_relentless_assault,.png,64,64,5536,False,misc_system,True,DoctrineAbilityType.java,,D:\Tinh\Guild Master - Idle Dungeons\resources\res\drawable\doctrine_ability_relentless_assault.png
doctrine_ability_selfless_spirit.png,doctrine_ability_selfless_spirit,.png,64,64,2250,True,misc_system,True,DoctrineAbilityType.java,,D:\Tinh\Guild Master - Idle Dungeons\resources\res\drawable\doctrine_ability_selfless_spirit.png
doctrine_ability_servus_sanguinis.png,doctrine_ability_servus_sanguinis,.png,64,64,2736,True,misc_system,True,DoctrineAbilityType.java,,D:\Tinh\Guild Master - Idle Dungeons\resources\res\drawable\doctrine_ability_servus_sanguinis.png
doctrine_ability_servus_umbrae.png,doctrine_ability_servus_umbrae,.png,64,64,4837,True,misc_system,True,DoctrineAbilityType.java,,D:\Tinh\Guild Master - Idle Dungeons\resources\res\drawable\doctrine_ability_servus_umbrae.png
doctrine_ability_star_gaze.png,doctrine_ability_star_gaze,.png,64,64,2379,True,icon_ui,True,DoctrineAbilityType.java,,D:\Tinh\Guild Master - Idle Dungeons\resources\res\drawable\doctrine_ability_star_gaze.png
doctrine_ability_tactical_knowledge.png,doctrine_ability_tactical_knowledge,.png,64,64,8025,False,misc_system,True,DoctrineAbilityType.java,,D:\Tinh\Guild Master - Idle Dungeons\resources\res\drawable\doctrine_ability_tactical_knowledge.png
doctrine_ability_troll_resistance.png,doctrine_ability_troll_resistance,.png,64,64,10202,False,misc_system,True,DoctrineAbilityType.java,,D:\Tinh\Guild Master - Idle Dungeons\resources\res\drawable\doctrine_ability_troll_resistance.png
doctrine_ability_true_agony.png,doctrine_ability_true_agony,.png,64,64,2118,True,misc_system,True,DoctrineAbilityType.java,,D:\Tinh\Guild Master - Idle Dungeons\resources\res\drawable\doctrine_ability_true_agony.png
doctrine_ability_warlock_resilience.png,doctrine_ability_warlock_resilience,.png,64,64,11297,False,icon_ui,True,DoctrineAbilityType.java,,D:\Tinh\Guild Master - Idle Dungeons\resources\res\drawable\doctrine_ability_warlock_resilience.png
doctrine_ability_weapon_master.png,doctrine_ability_weapon_master,.png,64,64,3440,True,item_equipment,True,DoctrineAbilityType.java,,D:\Tinh\Guild Master - Idle Dungeons\resources\res\drawable\doctrine_ability_weapon_master.png
doctrine_of_affliction.png,doctrine_of_affliction,.png,64,64,2813,True,misc_system,True,DoctrineOfAffliction.java,,D:\Tinh\Guild Master - Idle Dungeons\resources\res\drawable\doctrine_of_affliction.png
doctrine_of_control.png,doctrine_of_control,.png,64,64,7961,True,misc_system,True,DoctrineOfControl.java,,D:\Tinh\Guild Master - Idle Dungeons\resources\res\drawable\doctrine_of_control.png
doctrine_of_fortitude.png,doctrine_of_fortitude,.png,64,64,5868,True,misc_system,True,DoctrineOfFortitude.java,,D:\Tinh\Guild Master - Idle Dungeons\resources\res\drawable\doctrine_of_fortitude.png
doctrine_of_grace.png,doctrine_of_grace,.png,64,64,4042,True,misc_system,True,DoctrineOfGrace.java,,D:\Tinh\Guild Master - Idle Dungeons\resources\res\drawable\doctrine_of_grace.png
doctrine_of_illusion.png,doctrine_of_illusion,.png,64,64,2910,True,misc_system,True,DoctrineOfIllusion.java,,D:\Tinh\Guild Master - Idle Dungeons\resources\res\drawable\doctrine_of_illusion.png
doctrine_of_knowlegde.png,doctrine_of_knowlegde,.png,64,64,5499,True,misc_system,True,DoctrineOfKnowledge.java,,D:\Tinh\Guild Master - Idle Dungeons\resources\res\drawable\doctrine_of_knowlegde.png
doctrine_of_ruin.png,doctrine_of_ruin,.png,64,64,3924,True,misc_system,True,DoctrineOfRuin.java,,D:\Tinh\Guild Master - Idle Dungeons\resources\res\drawable\doctrine_of_ruin.png
doctrine_of_war.png,doctrine_of_war,.png,64,64,4296,True,misc_system,True,DoctrineOfWar.java,,D:\Tinh\Guild Master - Idle Dungeons\resources\res\drawable\doctrine_of_war.png
drawer_icon_achievements.png,drawer_icon_achievements,.png,48,48,591,True,icon_nav,False,,,D:\Tinh\Guild Master - Idle Dungeons\resources\res\drawable\drawer_icon_achievements.png
drawer_icon_bestiary.png,drawer_icon_bestiary,.png,60,60,968,True,icon_nav,False,,,D:\Tinh\Guild Master - Idle Dungeons\resources\res\drawable\drawer_icon_bestiary.png
drawer_icon_cafe_naver.png,drawer_icon_cafe_naver,.png,120,120,1118,False,icon_nav,False,,,D:\Tinh\Guild Master - Idle Dungeons\resources\res\drawable\drawer_icon_cafe_naver.png
drawer_icon_faq.png,drawer_icon_faq,.png,64,64,173,True,icon_nav,False,,,D:\Tinh\Guild Master - Idle Dungeons\resources\res\drawable\drawer_icon_faq.png
drawer_icon_king_message.png,drawer_icon_king_message,.png,32,32,734,True,icon_nav,False,,,D:\Tinh\Guild Master - Idle Dungeons\resources\res\drawable\drawer_icon_king_message.png
drawer_icon_recall_adventurers.png,drawer_icon_recall_adventurers,.png,32,32,554,True,icon_nav,False,,,D:\Tinh\Guild Master - Idle Dungeons\resources\res\drawable\drawer_icon_recall_adventurers.png
drawer_icon_reddit.png,drawer_icon_reddit,.png,512,512,7845,False,icon_nav,False,,,D:\Tinh\Guild Master - Idle Dungeons\resources\res\drawable\drawer_icon_reddit.png
dreadful_morningstar.png,dreadful_morningstar,.png,32,32,641,True,item_misc,True,DreadfulMorningstar.java,,D:\Tinh\Guild Master - Idle Dungeons\resources\res\drawable\dreadful_morningstar.png
dreamcatcher.png,dreamcatcher,.png,32,32,713,True,item_misc,True,Dreamcatcher.java,dialog_shop.xml,D:\Tinh\Guild Master - Idle Dungeons\resources\res\drawable\dreamcatcher.png
dreamwrought_armor.png,dreamwrought_armor,.png,32,32,739,True,item_equipment,True,DreamwroughtArmor.java,,D:\Tinh\Guild Master - Idle Dungeons\resources\res\drawable\dreamwrought_armor.png
dreamwrought_boots.png,dreamwrought_boots,.png,32,32,618,True,item_equipment,True,DreamwroughtBoots.java,,D:\Tinh\Guild Master - Idle Dungeons\resources\res\drawable\dreamwrought_boots.png
dreamwrought_bow.png,dreamwrought_bow,.png,32,32,537,True,item_equipment,True,DreamwroughtBow.java,,D:\Tinh\Guild Master - Idle Dungeons\resources\res\drawable\dreamwrought_bow.png
dreamwrought_gloves.png,dreamwrought_gloves,.png,32,32,638,True,item_equipment,True,DreamwroughtGloves.java,,D:\Tinh\Guild Master - Idle Dungeons\resources\res\drawable\dreamwrought_gloves.png
dreamwrought_hide.png,dreamwrought_hide,.png,32,32,728,True,item_material,True,DreamwroughtHide.java,,D:\Tinh\Guild Master - Idle Dungeons\resources\res\drawable\dreamwrought_hide.png
dreamwrought_jacket.png,dreamwrought_jacket,.png,32,32,740,True,item_misc,True,DreamwroughtJacket.java,,D:\Tinh\Guild Master - Idle Dungeons\resources\res\drawable\dreamwrought_jacket.png
dreamwrought_larva.png,dreamwrought_larva,.png,32,32,484,True,item_misc,True,DreamwroughtLarva.java,,D:\Tinh\Guild Master - Idle Dungeons\resources\res\drawable\dreamwrought_larva.png
dreamwrought_mane.png,dreamwrought_mane,.png,32,32,591,True,item_misc,True,DreamwroughtMane.java,,D:\Tinh\Guild Master - Idle Dungeons\resources\res\drawable\dreamwrought_mane.png
dreamwrought_robe.png,dreamwrought_robe,.png,32,32,417,True,item_misc,True,DreamwroughtRobe.java,,D:\Tinh\Guild Master - Idle Dungeons\resources\res\drawable\dreamwrought_robe.png
dreamwrought_silk.png,dreamwrought_silk,.png,32,32,664,True,item_misc,True,DreamwroughtSilk.java,,D:\Tinh\Guild Master - Idle Dungeons\resources\res\drawable\dreamwrought_silk.png
dreamwrought_staff.png,dreamwrought_staff,.png,32,32,549,True,item_equipment,True,DreamwroughtStaff.java,,D:\Tinh\Guild Master - Idle Dungeons\resources\res\drawable\dreamwrought_staff.png
dreamwrought_steel.png,dreamwrought_steel,.png,32,32,378,True,item_material,True,DreamwroughtSteel.java,,D:\Tinh\Guild Master - Idle Dungeons\resources\res\drawable\dreamwrought_steel.png
dryads_blessing.png,dryads_blessing,.png,32,32,376,True,item_misc,True,DryadsBlessing.java,,D:\Tinh\Guild Master - Idle Dungeons\resources\res\drawable\dryads_blessing.png
dryads_curse.png,dryads_curse,.png,32,32,522,True,item_misc,True,DryadsCurse.java,,D:\Tinh\Guild Master - Idle Dungeons\resources\res\drawable\dryads_curse.png
duelist_armor.png,duelist_armor,.png,32,32,562,True,item_equipment,True,DuelistArmor.java,,D:\Tinh\Guild Master - Idle Dungeons\resources\res\drawable\duelist_armor.png
egg.png,egg,.png,32,32,842,True,item_misc,True,AvianEgg.java; ConstructEgg.java; Egg.java; EsotericEgg.java; InsectEgg.java; ReptileEgg.java; WildEgg.java; WoodenEgg.java,,D:\Tinh\Guild Master - Idle Dungeons\resources\res\drawable\egg.png
egg_avian.png,egg_avian,.png,32,32,862,True,item_misc,True,AvianEgg.java,,D:\Tinh\Guild Master - Idle Dungeons\resources\res\drawable\egg_avian.png
egg_construct.png,egg_construct,.png,32,32,1061,True,item_misc,True,ConstructEgg.java,,D:\Tinh\Guild Master - Idle Dungeons\resources\res\drawable\egg_construct.png
egg_esoteric.png,egg_esoteric,.png,32,32,726,True,item_misc,True,EsotericEgg.java,,D:\Tinh\Guild Master - Idle Dungeons\resources\res\drawable\egg_esoteric.png
egg_insect.png,egg_insect,.png,32,32,1006,True,item_misc,True,InsectEgg.java,,D:\Tinh\Guild Master - Idle Dungeons\resources\res\drawable\egg_insect.png
egg_reptile.png,egg_reptile,.png,32,32,1242,True,item_misc,True,ReptileEgg.java,,D:\Tinh\Guild Master - Idle Dungeons\resources\res\drawable\egg_reptile.png
egg_wild.png,egg_wild,.png,32,32,972,True,item_misc,True,WildEgg.java,,D:\Tinh\Guild Master - Idle Dungeons\resources\res\drawable\egg_wild.png
egg_wooden.png,egg_wooden,.png,32,32,1063,True,item_misc,True,WoodenEgg.java,,D:\Tinh\Guild Master - Idle Dungeons\resources\res\drawable\egg_wooden.png
elastic_boots.png,elastic_boots,.png,32,32,815,True,icon_nav,True,ElasticBoots.java,,D:\Tinh\Guild Master - Idle Dungeons\resources\res\drawable\elastic_boots.png
elastic_membrane.png,elastic_membrane,.png,32,32,755,True,icon_nav,True,ElasticMembrane.java,,D:\Tinh\Guild Master - Idle Dungeons\resources\res\drawable\elastic_membrane.png
elastic_robe.png,elastic_robe,.png,32,32,287,True,icon_nav,True,ElasticRobe.java,,D:\Tinh\Guild Master - Idle Dungeons\resources\res\drawable\elastic_robe.png
eldritch_mitre.png,eldritch_mitre,.png,32,32,523,True,item_misc,True,EldritchMitre.java,,D:\Tinh\Guild Master - Idle Dungeons\resources\res\drawable\eldritch_mitre.png
eldritch_seal.png,eldritch_seal,.png,32,32,524,True,item_misc,True,EldritchSeal.java,,D:\Tinh\Guild Master - Idle Dungeons\resources\res\drawable\eldritch_seal.png
eldritch_shred.png,eldritch_shred,.png,32,32,443,True,item_misc,True,EldritchShred.java,,D:\Tinh\Guild Master - Idle Dungeons\resources\res\drawable\eldritch_shred.png
eldritch_tendril.png,eldritch_tendril,.png,32,32,498,True,item_misc,True,EldritchTendril.java,,D:\Tinh\Guild Master - Idle Dungeons\resources\res\drawable\eldritch_tendril.png
electric_catalyst.png,electric_catalyst,.png,32,32,1022,True,icon_nav,True,ElectricCatalyst.java,,D:\Tinh\Guild Master - Idle Dungeons\resources\res\drawable\electric_catalyst.png
elixir_of_affinity.png,elixir_of_affinity,.png,32,32,920,True,item_consumable,True,ElixirOfAffinity.java,,D:\Tinh\Guild Master - Idle Dungeons\resources\res\drawable\elixir_of_affinity.png
elixir_of_learning.png,elixir_of_learning,.png,32,32,907,True,item_consumable,True,ElixirOfLearning.java,,D:\Tinh\Guild Master - Idle Dungeons\resources\res\drawable\elixir_of_learning.png
elongated_bone.png,elongated_bone,.png,32,32,450,True,item_material,True,ElongatedBone.java,,D:\Tinh\Guild Master - Idle Dungeons\resources\res\drawable\elongated_bone.png
elysian_wood.png,elysian_wood,.png,32,32,493,True,item_material,True,ElysianWood.java,,D:\Tinh\Guild Master - Idle Dungeons\resources\res\drawable\elysian_wood.png
emerald.png,emerald,.png,32,32,354,True,item_misc,True,Emerald.java; EmeraldRing.java,,D:\Tinh\Guild Master - Idle Dungeons\resources\res\drawable\emerald.png
emerald_ring.png,emerald_ring,.png,32,32,619,True,item_equipment,True,EmeraldRing.java,,D:\Tinh\Guild Master - Idle Dungeons\resources\res\drawable\emerald_ring.png
empty_equipment.png,empty_equipment,.png,24,24,75,True,item_misc,True,Utils.java,,D:\Tinh\Guild Master - Idle Dungeons\resources\res\drawable\empty_equipment.png
enchanted_staff.png,enchanted_staff,.png,64,64,408,False,item_equipment,True,EnchantedStaff.java,,D:\Tinh\Guild Master - Idle Dungeons\resources\res\drawable\enchanted_staff.png
enlighted_servant.png,enlighted_servant,.png,32,32,425,True,item_misc,True,EnlightedServant.java,,D:\Tinh\Guild Master - Idle Dungeons\resources\res\drawable\enlighted_servant.png
epic_raid.png,epic_raid,.png,24,36,237,True,icon_nav,True,,layout_dungeon.xml,D:\Tinh\Guild Master - Idle Dungeons\resources\res\drawable\epic_raid.png
essence_of_corruption.png,essence_of_corruption,.png,32,32,785,True,item_misc,True,EssenceOfCorruption.java,,D:\Tinh\Guild Master - Idle Dungeons\resources\res\drawable\essence_of_corruption.png
eternal_hunger.png,eternal_hunger,.png,32,32,1350,True,item_misc,True,EternalHunger.java,,D:\Tinh\Guild Master - Idle Dungeons\resources\res\drawable\eternal_hunger.png
evo23_vial.png,evo23_vial,.png,32,32,870,True,item_misc,True,Evo23Vial.java; Evo23Vial2.java,dialog_shop.xml,D:\Tinh\Guild Master - Idle Dungeons\resources\res\drawable\evo23_vial.png
exalted_powder.png,exalted_powder,.png,32,32,510,True,item_misc,True,ExaltedPowder.java,,D:\Tinh\Guild Master - Idle Dungeons\resources\res\drawable\exalted_powder.png
exotic_boots.png,exotic_boots,.png,32,32,670,True,icon_nav,True,ExoticBoots.java,,D:\Tinh\Guild Master - Idle Dungeons\resources\res\drawable\exotic_boots.png
exotic_fruit_salad.png,exotic_fruit_salad,.png,32,32,863,True,icon_nav,True,ExoticFruitSalad.java,,D:\Tinh\Guild Master - Idle Dungeons\resources\res\drawable\exotic_fruit_salad.png
exotic_robe.png,exotic_robe,.png,32,32,725,True,icon_nav,True,ExoticRobe.java,,D:\Tinh\Guild Master - Idle Dungeons\resources\res\drawable\exotic_robe.png
exotic_velvet.png,exotic_velvet,.png,32,32,657,True,icon_nav,True,ExoticVelvet.java,,D:\Tinh\Guild Master - Idle Dungeons\resources\res\drawable\exotic_velvet.png
eye_of_the_abyss.png,eye_of_the_abyss,.png,32,32,628,True,item_misc,True,EyeOfTheAbyss.java,,D:\Tinh\Guild Master - Idle Dungeons\resources\res\drawable\eye_of_the_abyss.png
eye_of_ur.png,eye_of_ur,.png,32,32,919,True,item_misc,True,EyeOfUr.java,,D:\Tinh\Guild Master - Idle Dungeons\resources\res\drawable\eye_of_ur.png
eyes_of_the_swordsman.png,eyes_of_the_swordsman,.png,32,32,922,True,item_equipment,True,EyesOfTheSwordsman.java,,D:\Tinh\Guild Master - Idle Dungeons\resources\res\drawable\eyes_of_the_swordsman.png
fang_dagger.png,fang_dagger,.png,32,32,558,True,item_weapon_armor,True,FangDagger.java,,D:\Tinh\Guild Master - Idle Dungeons\resources\res\drawable\fang_dagger.png
feather.png,feather,.png,32,32,813,True,item_misc,True,Feather.java; FeatherRobe.java,,D:\Tinh\Guild Master - Idle Dungeons\resources\res\drawable\feather.png
feather_robe.png,feather_robe,.png,32,32,512,True,item_misc,True,FeatherRobe.java,,D:\Tinh\Guild Master - Idle Dungeons\resources\res\drawable\feather_robe.png
feeble_tether.png,feeble_tether,.png,32,32,392,True,item_misc,True,StatusEffectType.java,,D:\Tinh\Guild Master - Idle Dungeons\resources\res\drawable\feeble_tether.png
fire_catalyst.png,fire_catalyst,.png,32,32,819,True,item_misc,True,FireCatalyst.java,,D:\Tinh\Guild Master - Idle Dungeons\resources\res\drawable\fire_catalyst.png
fireproof_oil.png,fireproof_oil,.png,32,32,998,True,item_misc,True,FireproofOil.java,,D:\Tinh\Guild Master - Idle Dungeons\resources\res\drawable\fireproof_oil.png
flake_of_infinity.png,flake_of_infinity,.png,32,32,659,True,item_misc,True,FlakeOfInfinity.java,,D:\Tinh\Guild Master - Idle Dungeons\resources\res\drawable\flake_of_infinity.png
fleetfoot_armor.png,fleetfoot_armor,.png,32,32,920,True,item_equipment,True,FleetfootArmor.java,,D:\Tinh\Guild Master - Idle Dungeons\resources\res\drawable\fleetfoot_armor.png
fleetfoot_boots.png,fleetfoot_boots,.png,32,32,900,True,item_equipment,True,FleetfootBoots.java,,D:\Tinh\Guild Master - Idle Dungeons\resources\res\drawable\fleetfoot_boots.png
fleetfoot_fabric.png,fleetfoot_fabric,.png,32,32,463,True,item_misc,True,FleetfootFabric.java,,D:\Tinh\Guild Master - Idle Dungeons\resources\res\drawable\fleetfoot_fabric.png
fleetfoot_gloves.png,fleetfoot_gloves,.png,32,32,774,True,item_equipment,True,FleetfootGloves.java,,D:\Tinh\Guild Master - Idle Dungeons\resources\res\drawable\fleetfoot_gloves.png
fleetfoot_jacket.png,fleetfoot_jacket,.png,32,32,690,True,item_misc,True,FleetfootJacket.java,,D:\Tinh\Guild Master - Idle Dungeons\resources\res\drawable\fleetfoot_jacket.png
fleetfoot_robe.png,fleetfoot_robe,.png,32,32,851,True,item_misc,True,FleetfootRobe.java,,D:\Tinh\Guild Master - Idle Dungeons\resources\res\drawable\fleetfoot_robe.png
flute.png,flute,.png,32,32,330,True,item_misc,True,Flute.java,,D:\Tinh\Guild Master - Idle Dungeons\resources\res\drawable\flute.png
flux_limiter.png,flux_limiter,.png,34,34,484,True,item_misc,True,FluxLimiter.java,,D:\Tinh\Guild Master - Idle Dungeons\resources\res\drawable\flux_limiter.png
flying_reaper.png,flying_reaper,.png,32,32,353,True,item_misc,True,FlyingReaper.java,,D:\Tinh\Guild Master - Idle Dungeons\resources\res\drawable\flying_reaper.png
focused_scepter.png,focused_scepter,.png,32,32,269,True,item_weapon_armor,True,FocusedScepter.java,,D:\Tinh\Guild Master - Idle Dungeons\resources\res\drawable\focused_scepter.png
fresh_salmon.png,fresh_salmon,.png,32,32,596,True,item_misc,True,FreshSalmon.java,,D:\Tinh\Guild Master - Idle Dungeons\resources\res\drawable\fresh_salmon.png
fresh_tuna.png,fresh_tuna,.png,32,32,598,True,item_misc,True,FreshTuna.java,,D:\Tinh\Guild Master - Idle Dungeons\resources\res\drawable\fresh_tuna.png
frost_crystal.png,frost_crystal,.png,32,32,426,True,resource_currency,True,FrostCrystal.java,,D:\Tinh\Guild Master - Idle Dungeons\resources\res\drawable\frost_crystal.png
frost_nucleus.png,frost_nucleus,.png,32,32,651,True,item_misc,True,FrostNucleus.java,,D:\Tinh\Guild Master - Idle Dungeons\resources\res\drawable\frost_nucleus.png
frostmetal_armor.png,frostmetal_armor,.png,32,32,1070,True,item_equipment,True,FrostmetalArmor.java,,D:\Tinh\Guild Master - Idle Dungeons\resources\res\drawable\frostmetal_armor.png
frostmetal_dagger.png,frostmetal_dagger,.png,32,32,401,True,item_weapon_armor,True,FrostmetalDagger.java,,D:\Tinh\Guild Master - Idle Dungeons\resources\res\drawable\frostmetal_dagger.png
frostmetal_ingot.png,frostmetal_ingot,.png,32,32,330,True,item_misc,True,FrostmetalIngot.java,,D:\Tinh\Guild Master - Idle Dungeons\resources\res\drawable\frostmetal_ingot.png
frostmetal_ore.png,frostmetal_ore,.png,32,32,523,True,item_material,True,FrostmetalOre.java,,D:\Tinh\Guild Master - Idle Dungeons\resources\res\drawable\frostmetal_ore.png
frostmetal_sword.png,frostmetal_sword,.png,32,32,524,True,item_equipment,True,FrostmetalSword.java,,D:\Tinh\Guild Master - Idle Dungeons\resources\res\drawable\frostmetal_sword.png
frozen_breath_broth.png,frozen_breath_broth,.png,32,32,863,True,item_misc,True,FrozenBreathBroth.java,,D:\Tinh\Guild Master - Idle Dungeons\resources\res\drawable\frozen_breath_broth.png
frozen_egg.png,frozen_egg,.png,32,32,281,True,item_misc,True,FrozenEgg.java; FrozenEggPendant.java,,D:\Tinh\Guild Master - Idle Dungeons\resources\res\drawable\frozen_egg.png
frozen_egg_pendant.png,frozen_egg_pendant,.png,32,32,895,True,item_weapon_armor,True,FrozenEggPendant.java,,D:\Tinh\Guild Master - Idle Dungeons\resources\res\drawable\frozen_egg_pendant.png
frozen_embrace.png,frozen_embrace,.png,32,32,550,True,item_misc,True,FrozenEmbrace.java,,D:\Tinh\Guild Master - Idle Dungeons\resources\res\drawable\frozen_embrace.png
frozen_scale.png,frozen_scale,.png,32,32,629,True,item_material,True,FrozenScale.java,,D:\Tinh\Guild Master - Idle Dungeons\resources\res\drawable\frozen_scale.png
fruit_salad.png,fruit_salad,.png,32,32,807,True,item_misc,True,FruitSalad.java,,D:\Tinh\Guild Master - Idle Dungeons\resources\res\drawable\fruit_salad.png
fullmoon_dagger.png,fullmoon_dagger,.png,32,32,604,True,item_weapon_armor,True,FullmoonDagger.java,,D:\Tinh\Guild Master - Idle Dungeons\resources\res\drawable\fullmoon_dagger.png
gem.png,gem,.png,32,32,469,True,resource_currency,True,GemOfProtection.java,activity_main.xml; dialog_buy_from_merchant.xml; dialog_doctrine_reset.xml; dialog_refill_raid_try.xml; dialog_refresh_quests.xml; dialog_shop.xml; layout_quest.xml,D:\Tinh\Guild Master - Idle Dungeons\resources\res\drawable\gem.png
gem_of_protection.png,gem_of_protection,.png,32,32,937,True,resource_currency,True,GemOfProtection.java,,D:\Tinh\Guild Master - Idle Dungeons\resources\res\drawable\gem_of_protection.png
geode.png,geode,.png,32,32,1115,True,item_misc,True,Geode.java,,D:\Tinh\Guild Master - Idle Dungeons\resources\res\drawable\geode.png
ghastly_cuirass.png,ghastly_cuirass,.png,32,32,1104,True,item_misc,True,GhastlyCuirass.java,,D:\Tinh\Guild Master - Idle Dungeons\resources\res\drawable\ghastly_cuirass.png
ghastly_scimitar.png,ghastly_scimitar,.png,64,64,390,False,item_misc,True,GhastlyScimitar.java,,D:\Tinh\Guild Master - Idle Dungeons\resources\res\drawable\ghastly_scimitar.png
ghastly_shield.png,ghastly_shield,.png,32,32,839,True,item_equipment,True,GhastlyShield.java,,D:\Tinh\Guild Master - Idle Dungeons\resources\res\drawable\ghastly_shield.png
ghost_rabbit_cloak.png,ghost_rabbit_cloak,.png,32,32,729,True,item_misc,True,GhostRabbitCloak.java,,D:\Tinh\Guild Master - Idle Dungeons\resources\res\drawable\ghost_rabbit_cloak.png
ghostwood_board.png,ghostwood_board,.png,32,32,553,True,item_misc,True,GhostwoodBoard.java,,D:\Tinh\Guild Master - Idle Dungeons\resources\res\drawable\ghostwood_board.png
ghostwood_bow.png,ghostwood_bow,.png,32,32,390,True,item_equipment,True,GhostwoodBow.java,,D:\Tinh\Guild Master - Idle Dungeons\resources\res\drawable\ghostwood_bow.png
ghostwood_shield.png,ghostwood_shield,.png,32,32,830,True,item_equipment,True,GhostwoodShield.java,,D:\Tinh\Guild Master - Idle Dungeons\resources\res\drawable\ghostwood_shield.png
ghostwood_stump.png,ghostwood_stump,.png,32,32,283,True,item_misc,True,GhostwoodStump.java,,D:\Tinh\Guild Master - Idle Dungeons\resources\res\drawable\ghostwood_stump.png
giant_moth_wing.png,giant_moth_wing,.png,34,34,683,True,item_misc,True,GiantMothWing.java,,D:\Tinh\Guild Master - Idle Dungeons\resources\res\drawable\giant_moth_wing.png
giant_shell_fragment.png,giant_shell_fragment,.png,32,32,430,True,item_misc,True,GiantShellFragment.java,,D:\Tinh\Guild Master - Idle Dungeons\resources\res\drawable\giant_shell_fragment.png
gift_of_light.png,gift_of_light,.png,32,32,592,True,item_misc,True,GiftOfLight.java,,D:\Tinh\Guild Master - Idle Dungeons\resources\res\drawable\gift_of_light.png
glass.png,glass,.png,64,64,302,False,item_misc,True,Glass.java; GlassKnife.java,,D:\Tinh\Guild Master - Idle Dungeons\resources\res\drawable\glass.png
glass_knife.png,glass_knife,.png,32,32,282,True,item_misc,True,GlassKnife.java,,D:\Tinh\Guild Master - Idle Dungeons\resources\res\drawable\glass_knife.png
glazed_donut.png,glazed_donut,.png,32,32,609,True,item_misc,True,GlazedDonut.java,,D:\Tinh\Guild Master - Idle Dungeons\resources\res\drawable\glazed_donut.png
gold_ingot.png,gold_ingot,.png,64,64,277,False,resource_currency,True,GoldIngot.java,,D:\Tinh\Guild Master - Idle Dungeons\resources\res\drawable\gold_ingot.png
gold_scraps.png,gold_scraps,.png,64,64,354,False,resource_currency,True,GoldScraps.java,,D:\Tinh\Guild Master - Idle Dungeons\resources\res\drawable\gold_scraps.png
golden_armor.png,golden_armor,.png,32,32,780,True,item_equipment,True,GoldenArmor.java,,D:\Tinh\Guild Master - Idle Dungeons\resources\res\drawable\golden_armor.png
golden_boots.png,golden_boots,.png,32,32,490,True,item_equipment,True,GoldenBoots.java,,D:\Tinh\Guild Master - Idle Dungeons\resources\res\drawable\golden_boots.png
golden_gauntlets.png,golden_gauntlets,.png,32,32,793,True,resource_currency,True,GoldenGauntlets.java,,D:\Tinh\Guild Master - Idle Dungeons\resources\res\drawable\golden_gauntlets.png
golden_helm.png,golden_helm,.png,64,64,416,False,resource_currency,True,GoldenHelm.java,,D:\Tinh\Guild Master - Idle Dungeons\resources\res\drawable\golden_helm.png
golden_shield.png,golden_shield,.png,64,64,377,False,item_equipment,True,GoldenShield.java,,D:\Tinh\Guild Master - Idle Dungeons\resources\res\drawable\golden_shield.png
golden_sword.png,golden_sword,.png,64,64,361,False,item_equipment,True,GoldenSword.java,,D:\Tinh\Guild Master - Idle Dungeons\resources\res\drawable\golden_sword.png
gourmet_icecream.png,gourmet_icecream,.png,32,32,620,True,item_misc,True,GourmetIcecream.java,,D:\Tinh\Guild Master - Idle Dungeons\resources\res\drawable\gourmet_icecream.png
grains.png,grains,.png,32,32,488,True,item_misc,True,Grains.java,,D:\Tinh\Guild Master - Idle Dungeons\resources\res\drawable\grains.png
green_slime.png,green_slime,.png,32,32,357,True,item_misc,True,GreenSlime.java,,D:\Tinh\Guild Master - Idle Dungeons\resources\res\drawable\green_slime.png
grilled_cheese.png,grilled_cheese,.png,32,32,566,True,item_misc,True,GrilledCheese.java,,D:\Tinh\Guild Master - Idle Dungeons\resources\res\drawable\grilled_cheese.png
hammer.png,hammer,.png,50,50,494,True,item_weapon_armor,True,,dialog_item_detail.xml,D:\Tinh\Guild Master - Idle Dungeons\resources\res\drawable\hammer.png
heart_of_darkness.png,heart_of_darkness,.png,36,36,654,True,item_misc,True,HeartOfDarkness.java,,D:\Tinh\Guild Master - Idle Dungeons\resources\res\drawable\heart_of_darkness.png
heaven_and_hell.png,heaven_and_hell,.png,32,32,868,True,item_misc,True,HeavenAndHell.java,,D:\Tinh\Guild Master - Idle Dungeons\resources\res\drawable\heaven_and_hell.png
hellish_ration.png,hellish_ration,.png,32,32,795,True,item_misc,True,HellishRations.java,,D:\Tinh\Guild Master - Idle Dungeons\resources\res\drawable\hellish_ration.png
holy_water.png,holy_water,.png,32,32,908,True,item_misc,True,HolyWater.java,,D:\Tinh\Guild Master - Idle Dungeons\resources\res\drawable\holy_water.png
hourglass.png,hourglass,.png,32,32,646,True,item_misc,True,,dialog_shop.xml,D:\Tinh\Guild Master - Idle Dungeons\resources\res\drawable\hourglass.png
ice_cage.png,ice_cage,.png,32,32,643,True,item_misc,True,IceCage.java,,D:\Tinh\Guild Master - Idle Dungeons\resources\res\drawable\ice_cage.png
ice_catalyst.png,ice_catalyst,.png,32,32,833,True,item_misc,True,IceCatalyst.java,,D:\Tinh\Guild Master - Idle Dungeons\resources\res\drawable\ice_catalyst.png
ice_fiber.png,ice_fiber,.png,32,32,781,True,item_misc,True,IceFiber.java,,D:\Tinh\Guild Master - Idle Dungeons\resources\res\drawable\ice_fiber.png
icicle.png,icicle,.png,64,64,427,False,item_misc,True,Icicle.java,,D:\Tinh\Guild Master - Idle Dungeons\resources\res\drawable\icicle.png
icon_effect_ablaze.png,icon_effect_ablaze,.png,32,32,484,True,icon_ui,True,StatusEffectType.java,,D:\Tinh\Guild Master - Idle Dungeons\resources\res\drawable\icon_effect_ablaze.png
icon_effect_anointed.png,icon_effect_anointed,.png,32,32,499,True,icon_ui,True,StatusEffectType.java,,D:\Tinh\Guild Master - Idle Dungeons\resources\res\drawable\icon_effect_anointed.png
icon_effect_bleed.png,icon_effect_bleed,.png,32,32,381,True,icon_ui,True,StatusEffectType.java,,D:\Tinh\Guild Master - Idle Dungeons\resources\res\drawable\icon_effect_bleed.png
icon_effect_curse.png,icon_effect_curse,.png,24,24,377,True,icon_ui,True,StatusEffectType.java,,D:\Tinh\Guild Master - Idle Dungeons\resources\res\drawable\icon_effect_curse.png
icon_effect_defensive_stance.png,icon_effect_defensive_stance,.png,32,32,272,True,icon_ui,True,StatusEffectType.java,,D:\Tinh\Guild Master - Idle Dungeons\resources\res\drawable\icon_effect_defensive_stance.png
icon_effect_delirium.png,icon_effect_delirium,.png,32,32,536,True,icon_ui,True,StatusEffectType.java,,D:\Tinh\Guild Master - Idle Dungeons\resources\res\drawable\icon_effect_delirium.png
icon_effect_exalt.png,icon_effect_exalt,.png,32,32,602,True,icon_ui,True,StatusEffectType.java,,D:\Tinh\Guild Master - Idle Dungeons\resources\res\drawable\icon_effect_exalt.png
icon_effect_false_life.png,icon_effect_false_life,.png,32,32,264,True,icon_ui,True,StatusEffectType.java,,D:\Tinh\Guild Master - Idle Dungeons\resources\res\drawable\icon_effect_false_life.png
icon_effect_freeze.png,icon_effect_freeze,.png,32,32,594,True,icon_ui,True,StatusEffectType.java,,D:\Tinh\Guild Master - Idle Dungeons\resources\res\drawable\icon_effect_freeze.png
icon_effect_frenzy.png,icon_effect_frenzy,.png,32,32,371,True,icon_ui,True,StatusEffectType.java,,D:\Tinh\Guild Master - Idle Dungeons\resources\res\drawable\icon_effect_frenzy.png
icon_effect_inspire.png,icon_effect_inspire,.png,32,32,591,True,icon_ui,True,StatusEffectType.java,,D:\Tinh\Guild Master - Idle Dungeons\resources\res\drawable\icon_effect_inspire.png
icon_effect_petrify.png,icon_effect_petrify,.png,32,32,441,True,icon_ui,True,StatusEffectType.java,,D:\Tinh\Guild Master - Idle Dungeons\resources\res\drawable\icon_effect_petrify.png
icon_effect_poison.png,icon_effect_poison,.png,32,32,451,True,icon_ui,True,StatusEffectType.java,,D:\Tinh\Guild Master - Idle Dungeons\resources\res\drawable\icon_effect_poison.png
icon_effect_regeneration.png,icon_effect_regeneration,.png,32,32,256,True,icon_ui,True,StatusEffectType.java,,D:\Tinh\Guild Master - Idle Dungeons\resources\res\drawable\icon_effect_regeneration.png
icon_effect_silence.png,icon_effect_silence,.png,64,64,348,False,icon_ui,True,StatusEffectType.java,,D:\Tinh\Guild Master - Idle Dungeons\resources\res\drawable\icon_effect_silence.png
icon_effect_stun.png,icon_effect_stun,.png,32,32,308,True,icon_ui,True,StatusEffectType.java,,D:\Tinh\Guild Master - Idle Dungeons\resources\res\drawable\icon_effect_stun.png
icon_effect_taunt.png,icon_effect_taunt,.png,64,64,352,False,icon_ui,True,StatusEffectType.java,,D:\Tinh\Guild Master - Idle Dungeons\resources\res\drawable\icon_effect_taunt.png
icon_effect_terrify.png,icon_effect_terrify,.png,32,32,616,True,icon_ui,True,StatusEffectType.java,,D:\Tinh\Guild Master - Idle Dungeons\resources\res\drawable\icon_effect_terrify.png
ignition_orb.png,ignition_orb,.png,32,32,912,True,item_misc,True,IgnitionOrb.java,,D:\Tinh\Guild Master - Idle Dungeons\resources\res\drawable\ignition_orb.png
imperial_shield.png,imperial_shield,.png,32,32,680,True,item_equipment,True,ImperialShield.java,,D:\Tinh\Guild Master - Idle Dungeons\resources\res\drawable\imperial_shield.png
imperial_staff.png,imperial_staff,.png,64,64,436,False,item_equipment,True,ImperialStaff.java,,D:\Tinh\Guild Master - Idle Dungeons\resources\res\drawable\imperial_staff.png
infected_blood.png,infected_blood,.png,32,32,505,True,item_material,True,InfectedBlood.java,,D:\Tinh\Guild Master - Idle Dungeons\resources\res\drawable\infected_blood.png
infernal_bow.png,infernal_bow,.png,32,32,501,True,item_equipment,True,InfernalBow.java,,D:\Tinh\Guild Master - Idle Dungeons\resources\res\drawable\infernal_bow.png
infernal_chakram.png,infernal_chakram,.png,32,32,533,True,item_misc,True,InfernalChakram.java,,D:\Tinh\Guild Master - Idle Dungeons\resources\res\drawable\infernal_chakram.png
infernite.png,infernite,.png,32,32,972,True,item_misc,True,Infernite.java,,D:\Tinh\Guild Master - Idle Dungeons\resources\res\drawable\infernite.png
infinite_despair.png,infinite_despair,.png,32,32,750,True,item_misc,True,InfiniteDespair.java,,D:\Tinh\Guild Master - Idle Dungeons\resources\res\drawable\infinite_despair.png
infinity_hat.png,infinity_hat,.png,32,32,469,True,item_misc,True,InfinityHat.java,,D:\Tinh\Guild Master - Idle Dungeons\resources\res\drawable\infinity_hat.png
infused_necklace.png,infused_necklace,.png,32,32,1078,True,item_misc,True,InfusedNecklace.java,,D:\Tinh\Guild Master - Idle Dungeons\resources\res\drawable\infused_necklace.png
infusion_of_wisdom.png,infusion_of_wisdom,.png,32,32,857,True,item_misc,True,InfusionOfWisdom.java,,D:\Tinh\Guild Master - Idle Dungeons\resources\res\drawable\infusion_of_wisdom.png
intercession.png,intercession,.png,44,44,2919,True,misc_system,True,Intercession.java,dialog_shop.xml,D:\Tinh\Guild Master - Idle Dungeons\resources\res\drawable\intercession.png
invisible_servant.png,invisible_servant,.png,32,32,442,True,item_misc,True,InvisibleServant.java,,D:\Tinh\Guild Master - Idle Dungeons\resources\res\drawable\invisible_servant.png
iron_chainmail.png,iron_chainmail,.png,32,32,550,False,item_misc,True,IronChainmail.java,,D:\Tinh\Guild Master - Idle Dungeons\resources\res\drawable\iron_chainmail.png
iron_helm.png,iron_helm,.png,64,64,423,False,item_misc,True,IronHelm.java,,D:\Tinh\Guild Master - Idle Dungeons\resources\res\drawable\iron_helm.png
iron_ingot.png,iron_ingot,.png,64,64,277,False,item_misc,True,IronIngot.java,,D:\Tinh\Guild Master - Idle Dungeons\resources\res\drawable\iron_ingot.png
ivory.png,ivory,.png,32,32,461,True,item_misc,True,Ivory.java; IvoryJacket.java,,D:\Tinh\Guild Master - Idle Dungeons\resources\res\drawable\ivory.png
ivory_jacket.png,ivory_jacket,.png,32,32,977,True,item_misc,True,IvoryJacket.java,,D:\Tinh\Guild Master - Idle Dungeons\resources\res\drawable\ivory_jacket.png
jeweled_crown.png,jeweled_crown,.png,32,32,1093,True,item_misc,True,JeweledCrown.java,,D:\Tinh\Guild Master - Idle Dungeons\resources\res\drawable\jeweled_crown.png
kabelian_armor.png,kabelian_armor,.png,32,32,1038,True,item_equipment,True,KabelianArmor.java,,D:\Tinh\Guild Master - Idle Dungeons\resources\res\drawable\kabelian_armor.png
kabelian_claws.png,kabelian_claws,.png,32,32,687,True,item_misc,True,KabelianClaws.java,,D:\Tinh\Guild Master - Idle Dungeons\resources\res\drawable\kabelian_claws.png
kabelian_metal.png,kabelian_metal,.png,32,32,1259,True,item_material,True,KabelianMetal.java,,D:\Tinh\Guild Master - Idle Dungeons\resources\res\drawable\kabelian_metal.png
kaunian_fabric.png,kaunian_fabric,.png,32,32,515,True,item_misc,True,KaunianFabric.java,,D:\Tinh\Guild Master - Idle Dungeons\resources\res\drawable\kaunian_fabric.png
kaunian_robe.png,kaunian_robe,.png,32,32,891,True,item_misc,True,KaunianRobe.java,,D:\Tinh\Guild Master - Idle Dungeons\resources\res\drawable\kaunian_robe.png
kindlequartz.png,kindlequartz,.png,32,32,875,True,item_misc,True,Kindlequartz.java,,D:\Tinh\Guild Master - Idle Dungeons\resources\res\drawable\kindlequartz.png
king_message.png,king_message,.png,32,32,787,True,misc_system,True,,activity_main.xml,D:\Tinh\Guild Master - Idle Dungeons\resources\res\drawable\king_message.png
large_iris.png,large_iris,.png,32,32,1072,True,item_misc,True,LargeIris.java,,D:\Tinh\Guild Master - Idle Dungeons\resources\res\drawable\large_iris.png
laroxian_boots.png,laroxian_boots,.png,32,32,917,True,item_equipment,True,LaroxianBoots.java,,D:\Tinh\Guild Master - Idle Dungeons\resources\res\drawable\laroxian_boots.png
laroxian_fabric.png,laroxian_fabric,.png,32,32,756,True,item_misc,True,LaroxianFabric.java,,D:\Tinh\Guild Master - Idle Dungeons\resources\res\drawable\laroxian_fabric.png
laroxian_gloves.png,laroxian_gloves,.png,32,32,820,True,item_equipment,True,LaroxianGloves.java,,D:\Tinh\Guild Master - Idle Dungeons\resources\res\drawable\laroxian_gloves.png
laroxian_robe.png,laroxian_robe,.png,32,32,701,True,item_misc,True,LaroxianRobe.java,,D:\Tinh\Guild Master - Idle Dungeons\resources\res\drawable\laroxian_robe.png
leather.png,leather,.png,32,32,446,True,item_misc,True,Leather.java; LeatherBoots.java; LeatherGloves.java; LeatherJacket.java,,D:\Tinh\Guild Master - Idle Dungeons\resources\res\drawable\leather.png
leather_boots.png,leather_boots,.png,32,32,394,False,item_equipment,True,LeatherBoots.java,,D:\Tinh\Guild Master - Idle Dungeons\resources\res\drawable\leather_boots.png
leather_gloves.png,leather_gloves,.png,32,32,327,False,item_equipment,True,LeatherGloves.java,,D:\Tinh\Guild Master - Idle Dungeons\resources\res\drawable\leather_gloves.png
leather_jacket.png,leather_jacket,.png,32,32,371,False,item_misc,True,LeatherJacket.java,,D:\Tinh\Guild Master - Idle Dungeons\resources\res\drawable\leather_jacket.png
leek.png,leek,.png,32,32,402,True,item_misc,True,Leek.java,,D:\Tinh\Guild Master - Idle Dungeons\resources\res\drawable\leek.png
living_sap.png,living_sap,.png,32,32,962,True,item_misc,True,LivingSap.java,,D:\Tinh\Guild Master - Idle Dungeons\resources\res\drawable\living_sap.png
living_scimitar.png,living_scimitar,.png,64,64,334,False,item_misc,True,LivingScimitar.java,,D:\Tinh\Guild Master - Idle Dungeons\resources\res\drawable\living_scimitar.png
living_vine.png,living_vine,.png,32,32,414,True,item_misc,True,LivingVine.java,,D:\Tinh\Guild Master - Idle Dungeons\resources\res\drawable\living_vine.png
living_whip.png,living_whip,.png,32,32,414,True,item_misc,True,LivingWhip.java,,D:\Tinh\Guild Master - Idle Dungeons\resources\res\drawable\living_whip.png
long_serpent_fang.png,long_serpent_fang,.png,32,32,495,True,item_material,True,LongSerpentFang.java,,D:\Tinh\Guild Master - Idle Dungeons\resources\res\drawable\long_serpent_fang.png
loot_chest.png,loot_chest,.png,32,32,698,True,item_misc,True,Area.java,dialog_shop.xml,D:\Tinh\Guild Master - Idle Dungeons\resources\res\drawable\loot_chest.png
loot_chest_full.png,loot_chest_full,.png,32,32,1590,True,item_misc,True,Area.java,,D:\Tinh\Guild Master - Idle Dungeons\resources\res\drawable\loot_chest_full.png
mascarpone_cheese.png,mascarpone_cheese,.png,32,32,803,True,item_misc,True,MascarponeCheese.java,,D:\Tinh\Guild Master - Idle Dungeons\resources\res\drawable\mascarpone_cheese.png
maxxiburger.png,maxxiburger,.png,32,32,963,True,item_misc,True,Maxxiburger.java,,D:\Tinh\Guild Master - Idle Dungeons\resources\res\drawable\maxxiburger.png
meat_chop.png,meat_chop,.png,32,32,611,True,item_consumable,True,MeatChop.java,,D:\Tinh\Guild Master - Idle Dungeons\resources\res\drawable\meat_chop.png
meat_pie.png,meat_pie,.png,32,32,699,True,item_consumable,True,MeatPie.java,,D:\Tinh\Guild Master - Idle Dungeons\resources\res\drawable\meat_pie.png
meat_stew.png,meat_stew,.png,32,32,805,True,item_consumable,True,MeatStew.java,,D:\Tinh\Guild Master - Idle Dungeons\resources\res\drawable\meat_stew.png
meaty_mushroom.png,meaty_mushroom,.png,32,32,1134,True,item_consumable,True,MeatyMushroom.java,,D:\Tinh\Guild Master - Idle Dungeons\resources\res\drawable\meaty_mushroom.png
merchant.png,merchant,.png,32,32,1000,True,misc_system,True,MainActivity.java,activity_main.xml,D:\Tinh\Guild Master - Idle Dungeons\resources\res\drawable\merchant.png
metamorphic_armor.png,metamorphic_armor,.png,32,32,1040,True,icon_nav,True,MetamorphicArmor.java,,D:\Tinh\Guild Master - Idle Dungeons\resources\res\drawable\metamorphic_armor.png
metamorphic_sand.png,metamorphic_sand,.png,32,32,1144,True,icon_nav,True,MetamorphicSand.java,,D:\Tinh\Guild Master - Idle Dungeons\resources\res\drawable\metamorphic_sand.png
metamorphic_shield.png,metamorphic_shield,.png,32,32,1760,True,icon_nav,True,MetamorphicShield.java,,D:\Tinh\Guild Master - Idle Dungeons\resources\res\drawable\metamorphic_shield.png
milk.png,milk,.png,32,32,451,True,item_misc,True,Milk.java,,D:\Tinh\Guild Master - Idle Dungeons\resources\res\drawable\milk.png
missing_page.png,missing_page,.png,32,32,796,True,item_misc,True,MissingPage.java,,D:\Tinh\Guild Master - Idle Dungeons\resources\res\drawable\missing_page.png
mithril.png,mithril,.png,32,32,1349,True,item_misc,True,Mithril.java; MithrilBow.java; MithrilDagger.java; MithrilHelm.java; MithrilShield.java; MithrilSword.java,,D:\Tinh\Guild Master - Idle Dungeons\resources\res\drawable\mithril.png
mithril_bow.png,mithril_bow,.png,32,32,488,True,item_equipment,True,MithrilBow.java,,D:\Tinh\Guild Master - Idle Dungeons\resources\res\drawable\mithril_bow.png
mithril_dagger.png,mithril_dagger,.png,32,32,407,True,item_weapon_armor,True,MithrilDagger.java,,D:\Tinh\Guild Master - Idle Dungeons\resources\res\drawable\mithril_dagger.png
mithril_helm.png,mithril_helm,.png,32,32,883,True,item_misc,True,MithrilHelm.java,,D:\Tinh\Guild Master - Idle Dungeons\resources\res\drawable\mithril_helm.png
mithril_shield.png,mithril_shield,.png,32,32,906,True,item_equipment,True,MithrilShield.java,,D:\Tinh\Guild Master - Idle Dungeons\resources\res\drawable\mithril_shield.png
mithril_sword.png,mithril_sword,.png,32,32,667,True,item_equipment,True,MithrilSword.java,,D:\Tinh\Guild Master - Idle Dungeons\resources\res\drawable\mithril_sword.png
mitre_hat.png,mitre_hat,.png,32,32,550,True,item_misc,True,MitreHat.java,,D:\Tinh\Guild Master - Idle Dungeons\resources\res\drawable\mitre_hat.png
molten_staff.png,molten_staff,.png,64,64,315,False,item_equipment,True,MoltenStaff.java,,D:\Tinh\Guild Master - Idle Dungeons\resources\res\drawable\molten_staff.png
monkey_hide.png,monkey_hide,.png,32,32,397,True,character,True,MonkeyHide.java; MonkeyHideJacket.java,,D:\Tinh\Guild Master - Idle Dungeons\resources\res\drawable\monkey_hide.png
monkey_hide_jacket.png,monkey_hide_jacket,.png,32,32,740,True,character,True,MonkeyHideJacket.java,,D:\Tinh\Guild Master - Idle Dungeons\resources\res\drawable\monkey_hide_jacket.png
moth_robe.png,moth_robe,.png,32,32,722,True,item_misc,True,MothRobe.java,,D:\Tinh\Guild Master - Idle Dungeons\resources\res\drawable\moth_robe.png
mottiphobia.png,mottiphobia,.png,32,32,1542,True,item_misc,True,Mottiphobia.java,,D:\Tinh\Guild Master - Idle Dungeons\resources\res\drawable\mottiphobia.png
mushroom_omelette.png,mushroom_omelette,.png,32,32,660,True,item_consumable,True,MushroomOmelette.java,,D:\Tinh\Guild Master - Idle Dungeons\resources\res\drawable\mushroom_omelette.png
mushroom_risotto.png,mushroom_risotto,.png,32,32,732,True,item_consumable,True,MushroomRisotto.java,,D:\Tinh\Guild Master - Idle Dungeons\resources\res\drawable\mushroom_risotto.png
mushroom_stew.png,mushroom_stew,.png,32,32,803,True,item_consumable,True,MushroomStew.java,,D:\Tinh\Guild Master - Idle Dungeons\resources\res\drawable\mushroom_stew.png
mutant_hide.png,mutant_hide,.png,32,32,504,True,item_material,True,MutantHide.java,,D:\Tinh\Guild Master - Idle Dungeons\resources\res\drawable\mutant_hide.png
mutant_jacket.png,mutant_jacket,.png,32,32,771,True,item_misc,True,MutantJacket.java,,D:\Tinh\Guild Master - Idle Dungeons\resources\res\drawable\mutant_jacket.png
mutual_despair.png,mutual_despair,.png,32,32,379,True,item_misc,True,MutualDespair.java,,D:\Tinh\Guild Master - Idle Dungeons\resources\res\drawable\mutual_despair.png
mysterious_appendage.png,mysterious_appendage,.png,32,32,1308,True,item_misc,True,MysteriousAppendage.java,,D:\Tinh\Guild Master - Idle Dungeons\resources\res\drawable\mysterious_appendage.png
mysterious_cog.png,mysterious_cog,.png,32,32,736,True,item_misc,True,MysteriousCog.java,,D:\Tinh\Guild Master - Idle Dungeons\resources\res\drawable\mysterious_cog.png
nightwing_jacket.png,nightwing_jacket,.png,32,32,980,True,item_misc,True,NightwingJacket.java,,D:\Tinh\Guild Master - Idle Dungeons\resources\res\drawable\nightwing_jacket.png
nightwing_leather.png,nightwing_leather,.png,32,32,517,True,item_material,True,NightwingLeather.java,,D:\Tinh\Guild Master - Idle Dungeons\resources\res\drawable\nightwing_leather.png
nil_armor.png,nil_armor,.png,32,32,1228,True,item_equipment,True,NilArmor.java,,D:\Tinh\Guild Master - Idle Dungeons\resources\res\drawable\nil_armor.png
nil_pendant.png,nil_pendant,.png,32,32,654,True,item_weapon_armor,True,NilPendant.java,,D:\Tinh\Guild Master - Idle Dungeons\resources\res\drawable\nil_pendant.png
no_ads.png,no_ads,.png,32,32,337,True,item_misc,True,,dialog_shop.xml,D:\Tinh\Guild Master - Idle Dungeons\resources\res\drawable\no_ads.png
oblivion.png,oblivion,.png,32,32,1344,True,item_misc,True,Oblivion.java,,D:\Tinh\Guild Master - Idle Dungeons\resources\res\drawable\oblivion.png
obsidian_bow.png,obsidian_bow,.png,32,32,255,True,item_equipment,True,ObsidianBow.java,,D:\Tinh\Guild Master - Idle Dungeons\resources\res\drawable\obsidian_bow.png
obsidian_chunk.png,obsidian_chunk,.png,32,32,310,True,item_misc,True,ObsidianChunk.java,,D:\Tinh\Guild Master - Idle Dungeons\resources\res\drawable\obsidian_chunk.png
obsidian_cuirass.png,obsidian_cuirass,.png,32,32,597,True,item_misc,True,ObsidianCuirass.java,,D:\Tinh\Guild Master - Idle Dungeons\resources\res\drawable\obsidian_cuirass.png
obsidian_dagger.png,obsidian_dagger,.png,32,32,398,True,item_weapon_armor,True,ObsidianDagger.java,,D:\Tinh\Guild Master - Idle Dungeons\resources\res\drawable\obsidian_dagger.png
obsidian_helm.png,obsidian_helm,.png,32,32,558,True,item_misc,True,ObsidianHelm.java,,D:\Tinh\Guild Master - Idle Dungeons\resources\res\drawable\obsidian_helm.png
obsidian_scepter.png,obsidian_scepter,.png,32,32,258,True,item_weapon_armor,True,ObsidianScepter.java,,D:\Tinh\Guild Master - Idle Dungeons\resources\res\drawable\obsidian_scepter.png
obsidian_shield.png,obsidian_shield,.png,32,32,532,True,item_equipment,True,ObsidianShield.java,,D:\Tinh\Guild Master - Idle Dungeons\resources\res\drawable\obsidian_shield.png
obsidian_sword.png,obsidian_sword,.png,32,32,333,True,item_equipment,True,ObsidianSword.java,,D:\Tinh\Guild Master - Idle Dungeons\resources\res\drawable\obsidian_sword.png
orb_of_ectoplasm.png,orb_of_ectoplasm,.png,32,32,2262,True,item_misc,True,OrbOfEctoplasm.java,,D:\Tinh\Guild Master - Idle Dungeons\resources\res\drawable\orb_of_ectoplasm.png
orichalcum_armor.png,orichalcum_armor,.png,32,32,781,True,item_equipment,True,OrichalcumArmor.java,,D:\Tinh\Guild Master - Idle Dungeons\resources\res\drawable\orichalcum_armor.png
orichalcum_dagger.png,orichalcum_dagger,.png,32,32,448,True,item_weapon_armor,True,OrichalcumDagger.java,,D:\Tinh\Guild Master - Idle Dungeons\resources\res\drawable\orichalcum_dagger.png
orichalcum_helm.png,orichalcum_helm,.png,32,32,760,True,item_misc,True,OrichalcumHelm.java,,D:\Tinh\Guild Master - Idle Dungeons\resources\res\drawable\orichalcum_helm.png
orichalcum_ingot.png,orichalcum_ingot,.png,32,32,323,True,item_misc,True,OrichalcumIngot.java,,D:\Tinh\Guild Master - Idle Dungeons\resources\res\drawable\orichalcum_ingot.png
orichalcum_scraps.png,orichalcum_scraps,.png,32,32,528,True,item_misc,True,OrichalcumScraps.java,,D:\Tinh\Guild Master - Idle Dungeons\resources\res\drawable\orichalcum_scraps.png
orichalcum_shield.png,orichalcum_shield,.png,32,32,615,True,item_equipment,True,OrichalcumShield.java,,D:\Tinh\Guild Master - Idle Dungeons\resources\res\drawable\orichalcum_shield.png
orichalcum_sword.png,orichalcum_sword,.png,32,32,502,True,item_equipment,True,OrichalcumSword.java,,D:\Tinh\Guild Master - Idle Dungeons\resources\res\drawable\orichalcum_sword.png
panopticon_staff.png,panopticon_staff,.png,32,32,615,True,icon_ui,True,PanopticonStaff.java,,D:\Tinh\Guild Master - Idle Dungeons\resources\res\drawable\panopticon_staff.png
pasta.png,pasta,.png,32,32,618,True,item_misc,True,Pasta.java; PastaWithSauce.java,,D:\Tinh\Guild Master - Idle Dungeons\resources\res\drawable\pasta.png
pasta_with_sauce.png,pasta_with_sauce,.png,32,32,611,True,item_misc,True,PastaWithSauce.java,,D:\Tinh\Guild Master - Idle Dungeons\resources\res\drawable\pasta_with_sauce.png
patrician_armor.png,patrician_armor,.png,32,32,930,True,item_equipment,True,PatricianArmor.java,,D:\Tinh\Guild Master - Idle Dungeons\resources\res\drawable\patrician_armor.png
pear.png,pear,.png,32,32,798,True,item_misc,True,Pear.java; PearPie.java; Pearl.java,,D:\Tinh\Guild Master - Idle Dungeons\resources\res\drawable\pear.png
pear_pie.png,pear_pie,.png,32,32,651,True,item_misc,True,PearPie.java,,D:\Tinh\Guild Master - Idle Dungeons\resources\res\drawable\pear_pie.png
pearl.png,pearl,.png,32,32,609,True,item_misc,True,Pearl.java,,D:\Tinh\Guild Master - Idle Dungeons\resources\res\drawable\pearl.png
permafrost_core.png,permafrost_core,.png,32,32,451,True,item_material,True,PermafrostCore.java,,D:\Tinh\Guild Master - Idle Dungeons\resources\res\drawable\permafrost_core.png
permafrost_essence.png,permafrost_essence,.png,32,32,504,True,item_material,True,PermafrostEssence.java,,D:\Tinh\Guild Master - Idle Dungeons\resources\res\drawable\permafrost_essence.png
pet_beetle.png,pet_beetle,.png,64,64,5130,True,pet,True,Beetle.java,,D:\Tinh\Guild Master - Idle Dungeons\resources\res\drawable\pet_beetle.png
pet_crocodile.png,pet_crocodile,.png,64,64,5495,True,pet,True,Crocodile.java,,D:\Tinh\Guild Master - Idle Dungeons\resources\res\drawable\pet_crocodile.png
pet_dove.png,pet_dove,.png,64,64,2669,True,pet,True,Dove.java,,D:\Tinh\Guild Master - Idle Dungeons\resources\res\drawable\pet_dove.png
pet_eagle.png,pet_eagle,.png,64,64,4035,True,pet,True,Eagle.java,,D:\Tinh\Guild Master - Idle Dungeons\resources\res\drawable\pet_eagle.png
pet_floating_eye.png,pet_floating_eye,.png,64,64,4995,True,pet,True,FloatingEye.java,,D:\Tinh\Guild Master - Idle Dungeons\resources\res\drawable\pet_floating_eye.png
pet_floating_seed.png,pet_floating_seed,.png,64,64,1822,True,pet,True,FloatingSeed.java,,D:\Tinh\Guild Master - Idle Dungeons\resources\res\drawable\pet_floating_seed.png
pet_golem.png,pet_golem,.png,64,64,7509,True,pet,True,Golem.java,,D:\Tinh\Guild Master - Idle Dungeons\resources\res\drawable\pet_golem.png
pet_holy_tree.png,pet_holy_tree,.png,64,64,4080,True,pet,True,HolyTree.java,,D:\Tinh\Guild Master - Idle Dungeons\resources\res\drawable\pet_holy_tree.png
pet_lizard.png,pet_lizard,.png,64,64,3893,True,pet,True,Lizard.java,,D:\Tinh\Guild Master - Idle Dungeons\resources\res\drawable\pet_lizard.png
pet_mosquito.png,pet_mosquito,.png,64,64,3156,True,pet,True,Mosquito.java,,D:\Tinh\Guild Master - Idle Dungeons\resources\res\drawable\pet_mosquito.png
pet_owl.png,pet_owl,.png,64,64,5896,True,pet,True,Owl.java,,D:\Tinh\Guild Master - Idle Dungeons\resources\res\drawable\pet_owl.png
pet_rat.png,pet_rat,.png,64,64,4264,True,pet,True,Rat.java,,D:\Tinh\Guild Master - Idle Dungeons\resources\res\drawable\pet_rat.png
pet_red_wolf.png,pet_red_wolf,.png,64,64,3924,True,pet,True,RedWolf.java,,D:\Tinh\Guild Master - Idle Dungeons\resources\res\drawable\pet_red_wolf.png
pet_rockling.png,pet_rockling,.png,64,64,5656,True,pet,True,Rockling.java,,D:\Tinh\Guild Master - Idle Dungeons\resources\res\drawable\pet_rockling.png
pet_squirrel.png,pet_squirrel,.png,64,64,5833,True,pet,True,Squirrel.java,,D:\Tinh\Guild Master - Idle Dungeons\resources\res\drawable\pet_squirrel.png
pet_tarantula.png,pet_tarantula,.png,64,64,3961,True,pet,True,Tarantula.java,,D:\Tinh\Guild Master - Idle Dungeons\resources\res\drawable\pet_tarantula.png
pet_tentacle_tangle.png,pet_tentacle_tangle,.png,64,64,6889,True,pet,True,TentacleTangle.java,,D:\Tinh\Guild Master - Idle Dungeons\resources\res\drawable\pet_tentacle_tangle.png
pet_tesseract.png,pet_tesseract,.png,64,64,4060,True,pet,True,Tesseract.java,,D:\Tinh\Guild Master - Idle Dungeons\resources\res\drawable\pet_tesseract.png
pet_thing_from_the_abyss.png,pet_thing_from_the_abyss,.png,64,64,4287,True,pet,True,ThingFromTheAbyss.java,,D:\Tinh\Guild Master - Idle Dungeons\resources\res\drawable\pet_thing_from_the_abyss.png
pet_tree_frog.png,pet_tree_frog,.png,64,64,5328,True,pet,True,TreeFrog.java,,D:\Tinh\Guild Master - Idle Dungeons\resources\res\drawable\pet_tree_frog.png
pet_walking_bush.png,pet_walking_bush,.png,64,64,4712,True,pet,True,WalkingBush.java,,D:\Tinh\Guild Master - Idle Dungeons\resources\res\drawable\pet_walking_bush.png
phoenix_feather.png,phoenix_feather,.png,32,32,1035,True,item_material,True,PhoenixFeather.java,,D:\Tinh\Guild Master - Idle Dungeons\resources\res\drawable\phoenix_feather.png
phylactery.png,phylactery,.png,32,32,600,True,item_misc,True,Phylactery.java; PhylacteryFragment.java,,D:\Tinh\Guild Master - Idle Dungeons\resources\res\drawable\phylactery.png
phylactery_fragment.png,phylactery_fragment,.png,32,32,860,True,item_misc,True,PhylacteryFragment.java,,D:\Tinh\Guild Master - Idle Dungeons\resources\res\drawable\phylactery_fragment.png
pineapple.png,pineapple,.png,32,32,1167,True,item_misc,True,Pineapple.java,,D:\Tinh\Guild Master - Idle Dungeons\resources\res\drawable\pineapple.png
pirate_king_tricorn.png,pirate_king_tricorn,.png,32,32,281,True,item_misc,True,PirateKingTricorn.java,,D:\Tinh\Guild Master - Idle Dungeons\resources\res\drawable\pirate_king_tricorn.png
plant_fiber.png,plant_fiber,.png,32,32,853,True,item_misc,True,PlantFiber.java,,D:\Tinh\Guild Master - Idle Dungeons\resources\res\drawable\plant_fiber.png
poisonous_flesh.png,poisonous_flesh,.png,32,32,572,True,item_misc,True,PoisonousFlesh.java,,D:\Tinh\Guild Master - Idle Dungeons\resources\res\drawable\poisonous_flesh.png
potato.png,potato,.png,32,32,842,True,item_misc,True,Potato.java; PotatoMash.java,,D:\Tinh\Guild Master - Idle Dungeons\resources\res\drawable\potato.png
potato_mash.png,potato_mash,.png,32,32,1298,True,item_misc,True,PotatoMash.java,,D:\Tinh\Guild Master - Idle Dungeons\resources\res\drawable\potato_mash.png
potion_of_agility.png,potion_of_agility,.png,32,32,880,True,misc_system,True,PotionOfAgility.java,dialog_entity_detail.xml,D:\Tinh\Guild Master - Idle Dungeons\resources\res\drawable\potion_of_agility.png
potion_of_clumsiness.png,potion_of_clumsiness,.png,32,32,820,True,misc_system,True,PotionOfClumsiness.java,,D:\Tinh\Guild Master - Idle Dungeons\resources\res\drawable\potion_of_clumsiness.png
potion_of_constitution.png,potion_of_constitution,.png,32,32,687,True,misc_system,True,PotionOfConstitution.java,dialog_entity_detail.xml,D:\Tinh\Guild Master - Idle Dungeons\resources\res\drawable\potion_of_constitution.png
potion_of_darkness.png,potion_of_darkness,.png,32,32,858,True,misc_system,True,PotionOfDarkness.java,dialog_entity_detail.xml,D:\Tinh\Guild Master - Idle Dungeons\resources\res\drawable\potion_of_darkness.png
potion_of_defense.png,potion_of_defense,.png,32,32,876,True,misc_system,True,PotionOfDefense.java,dialog_entity_detail.xml,D:\Tinh\Guild Master - Idle Dungeons\resources\res\drawable\potion_of_defense.png
potion_of_dexterity.png,potion_of_dexterity,.png,32,32,762,True,misc_system,True,PotionOfDexterity.java,dialog_entity_detail.xml,D:\Tinh\Guild Master - Idle Dungeons\resources\res\drawable\potion_of_dexterity.png
potion_of_health.png,potion_of_health,.png,32,32,871,True,misc_system,True,PotionOfHealth.java,dialog_entity_detail.xml,D:\Tinh\Guild Master - Idle Dungeons\resources\res\drawable\potion_of_health.png
potion_of_immunity.png,potion_of_immunity,.png,32,32,855,True,misc_system,True,PotionOfImmunity.java,dialog_entity_detail.xml,D:\Tinh\Guild Master - Idle Dungeons\resources\res\drawable\potion_of_immunity.png
potion_of_intelligence.png,potion_of_intelligence,.png,32,32,840,True,misc_system,True,PotionOfIntelligence.java,dialog_entity_detail.xml,D:\Tinh\Guild Master - Idle Dungeons\resources\res\drawable\potion_of_intelligence.png
potion_of_magic_defense.png,potion_of_magic_defense,.png,32,32,820,True,icon_nav,True,PotionOfMagicDefense.java,dialog_entity_detail.xml,D:\Tinh\Guild Master - Idle Dungeons\resources\res\drawable\potion_of_magic_defense.png
potion_of_precision.png,potion_of_precision,.png,32,32,897,True,misc_system,True,PotionOfPrecision.java,dialog_entity_detail.xml,D:\Tinh\Guild Master - Idle Dungeons\resources\res\drawable\potion_of_precision.png
potion_of_rejuvenation.png,potion_of_rejuvenation,.png,32,32,1018,True,misc_system,True,PotionOfRejuvenation.java,,D:\Tinh\Guild Master - Idle Dungeons\resources\res\drawable\potion_of_rejuvenation.png
potion_of_viciousness.png,potion_of_viciousness,.png,32,32,885,True,misc_system,True,PotionOfViciousness.java,dialog_entity_detail.xml,D:\Tinh\Guild Master - Idle Dungeons\resources\res\drawable\potion_of_viciousness.png
prehistoric_mixture.png,prehistoric_mixture,.png,32,32,1057,True,icon_nav,True,PrehistoricMixture.java,,D:\Tinh\Guild Master - Idle Dungeons\resources\res\drawable\prehistoric_mixture.png
primeval_armor.png,primeval_armor,.png,32,32,847,True,item_equipment,True,PrimevalArmor.java,,D:\Tinh\Guild Master - Idle Dungeons\resources\res\drawable\primeval_armor.png
primeval_helm.png,primeval_helm,.png,32,32,781,True,item_misc,True,PrimevalHelm.java,,D:\Tinh\Guild Master - Idle Dungeons\resources\res\drawable\primeval_helm.png
primeval_scale.png,primeval_scale,.png,32,32,967,True,item_material,True,PrimevalScale.java,,D:\Tinh\Guild Master - Idle Dungeons\resources\res\drawable\primeval_scale.png
primeval_shield.png,primeval_shield,.png,32,32,797,True,item_equipment,True,PrimevalShield.java,,D:\Tinh\Guild Master - Idle Dungeons\resources\res\drawable\primeval_shield.png
primordial_essence.png,primordial_essence,.png,32,32,1136,True,item_material,True,PrimordialEssence.java,,D:\Tinh\Guild Master - Idle Dungeons\resources\res\drawable\primordial_essence.png
prismatic_armor.png,prismatic_armor,.png,32,32,1225,True,icon_nav,True,PrismaticArmor.java,,D:\Tinh\Guild Master - Idle Dungeons\resources\res\drawable\prismatic_armor.png
prismatic_essence.png,prismatic_essence,.png,32,32,774,True,icon_nav,True,PrismaticEssence.java,,D:\Tinh\Guild Master - Idle Dungeons\resources\res\drawable\prismatic_essence.png
prismatic_pendant.png,prismatic_pendant,.png,32,32,626,True,icon_nav,True,PrismaticPendant.java,,D:\Tinh\Guild Master - Idle Dungeons\resources\res\drawable\prismatic_pendant.png
pterodactyl_claw.png,pterodactyl_claw,.png,32,32,873,True,item_material,True,PterodactylClaw.java,,D:\Tinh\Guild Master - Idle Dungeons\resources\res\drawable\pterodactyl_claw.png
pumpkin.png,pumpkin,.png,32,32,844,True,item_misc,True,Pumpkin.java,,D:\Tinh\Guild Master - Idle Dungeons\resources\res\drawable\pumpkin.png
quartz.png,quartz,.png,32,32,1313,True,item_misc,True,Quartz.java,,D:\Tinh\Guild Master - Idle Dungeons\resources\res\drawable\quartz.png
quest_marker.png,quest_marker,.png,32,32,146,True,misc_system,True,,activity_main.xml,D:\Tinh\Guild Master - Idle Dungeons\resources\res\drawable\quest_marker.png
radiating_nucleus.png,radiating_nucleus,.png,32,32,531,True,item_misc,True,RadiatingNucleus.java,,D:\Tinh\Guild Master - Idle Dungeons\resources\res\drawable\radiating_nucleus.png
raid_try_available.png,raid_try_available,.png,24,24,331,True,dungeon_place,True,Area.java,,D:\Tinh\Guild Master - Idle Dungeons\resources\res\drawable\raid_try_available.png
raid_try_unavailable.png,raid_try_unavailable,.png,24,24,145,True,dungeon_place,True,Area.java,,D:\Tinh\Guild Master - Idle Dungeons\resources\res\drawable\raid_try_unavailable.png
reassembling_jacket.png,reassembling_jacket,.png,32,32,825,True,item_misc,True,ReassemblingJacket.java,,D:\Tinh\Guild Master - Idle Dungeons\resources\res\drawable\reassembling_jacket.png
recurve_blade.png,recurve_blade,.png,64,64,260,False,item_misc,True,RecurveBlade.java,,D:\Tinh\Guild Master - Idle Dungeons\resources\res\drawable\recurve_blade.png
red_reaper.png,red_reaper,.png,32,32,827,True,item_misc,True,RedReaper.java; RedReaperSauce.java,,D:\Tinh\Guild Master - Idle Dungeons\resources\res\drawable\red_reaper.png
red_reaper_sauce.png,red_reaper_sauce,.png,32,32,480,True,item_misc,True,RedReaperSauce.java,,D:\Tinh\Guild Master - Idle Dungeons\resources\res\drawable\red_reaper_sauce.png
redwood.png,redwood,.png,32,32,510,True,item_misc,True,Redwood.java; RedwoodBow.java,,D:\Tinh\Guild Master - Idle Dungeons\resources\res\drawable\redwood.png
redwood_bow.png,redwood_bow,.png,32,32,482,True,item_equipment,True,RedwoodBow.java,,D:\Tinh\Guild Master - Idle Dungeons\resources\res\drawable\redwood_bow.png
rice.png,rice,.png,32,32,407,True,item_misc,True,Rice.java,,D:\Tinh\Guild Master - Idle Dungeons\resources\res\drawable\rice.png
ritual_blade.png,ritual_blade,.png,32,32,644,True,item_misc,True,RitualBlade.java,,D:\Tinh\Guild Master - Idle Dungeons\resources\res\drawable\ritual_blade.png
robe_of_the_archmage.png,robe_of_the_archmage,.png,32,32,559,True,character,True,RobeOfTheArchmage.java,,D:\Tinh\Guild Master - Idle Dungeons\resources\res\drawable\robe_of_the_archmage.png
robe_of_the_lich.png,robe_of_the_lich,.png,32,32,444,True,item_misc,True,RobeOfTheLich.java,,D:\Tinh\Guild Master - Idle Dungeons\resources\res\drawable\robe_of_the_lich.png
ruby.png,ruby,.png,32,32,389,True,item_misc,True,Ruby.java; RubyRing.java,,D:\Tinh\Guild Master - Idle Dungeons\resources\res\drawable\ruby.png
ruby_ring.png,ruby_ring,.png,32,32,546,True,item_equipment,True,RubyRing.java,,D:\Tinh\Guild Master - Idle Dungeons\resources\res\drawable\ruby_ring.png
rune_of_power.png,rune_of_power,.png,32,32,2036,True,item_misc,True,RuneOfPower.java,,D:\Tinh\Guild Master - Idle Dungeons\resources\res\drawable\rune_of_power.png
sage_armor.png,sage_armor,.png,32,32,914,True,item_equipment,True,SageArmor.java,,D:\Tinh\Guild Master - Idle Dungeons\resources\res\drawable\sage_armor.png
sage_cloak.png,sage_cloak,.png,32,32,724,True,item_misc,True,SageCloak.java,,D:\Tinh\Guild Master - Idle Dungeons\resources\res\drawable\sage_cloak.png
sage_jacket.png,sage_jacket,.png,32,32,755,True,item_misc,True,SageJacket.java,,D:\Tinh\Guild Master - Idle Dungeons\resources\res\drawable\sage_jacket.png
salad.png,salad,.png,32,32,728,True,item_misc,True,Salad.java,,D:\Tinh\Guild Master - Idle Dungeons\resources\res\drawable\salad.png
salmon_nigiri.png,salmon_nigiri,.png,32,32,483,True,item_misc,True,SalmonNigiri.java,,D:\Tinh\Guild Master - Idle Dungeons\resources\res\drawable\salmon_nigiri.png
salmon_roll.png,salmon_roll,.png,32,32,731,True,item_misc,True,SalmonRoll.java,,D:\Tinh\Guild Master - Idle Dungeons\resources\res\drawable\salmon_roll.png
salt.png,salt,.png,32,32,302,True,item_misc,True,Salt.java,,D:\Tinh\Guild Master - Idle Dungeons\resources\res\drawable\salt.png
sandstone.png,sandstone,.png,32,32,441,True,item_misc,True,Sandstone.java,,D:\Tinh\Guild Master - Idle Dungeons\resources\res\drawable\sandstone.png
sauce.png,sauce,.png,32,32,476,True,item_misc,True,Sauce.java,,D:\Tinh\Guild Master - Idle Dungeons\resources\res\drawable\sauce.png
scanner.png,scanner,.png,32,32,922,True,item_misc,True,Scanner.java,,D:\Tinh\Guild Master - Idle Dungeons\resources\res\drawable\scanner.png
scarlet_shroud.png,scarlet_shroud,.png,32,32,818,True,item_misc,True,ScarletShroud.java,,D:\Tinh\Guild Master - Idle Dungeons\resources\res\drawable\scarlet_shroud.png
scarlet_strand.png,scarlet_strand,.png,32,32,340,True,item_misc,True,ScarletStrand.java,,D:\Tinh\Guild Master - Idle Dungeons\resources\res\drawable\scarlet_strand.png
scarlet_veil.png,scarlet_veil,.png,32,32,503,True,item_misc,True,ScarletVeil.java,,D:\Tinh\Guild Master - Idle Dungeons\resources\res\drawable\scarlet_veil.png
scimitar.png,scimitar,.png,64,64,339,False,item_misc,True,Scimitar.java,,D:\Tinh\Guild Master - Idle Dungeons\resources\res\drawable\scimitar.png
scrap_metal.png,scrap_metal,.png,32,32,467,True,item_material,True,ScrapMetal.java,,D:\Tinh\Guild Master - Idle Dungeons\resources\res\drawable\scrap_metal.png
seal_of_claris.png,seal_of_claris,.png,32,32,658,True,item_misc,True,SealOfClaris.java,,D:\Tinh\Guild Master - Idle Dungeons\resources\res\drawable\seal_of_claris.png
seeking_glass.png,seeking_glass,.png,32,32,601,True,item_misc,True,SeekingGlass.java,,D:\Tinh\Guild Master - Idle Dungeons\resources\res\drawable\seeking_glass.png
sentient_slab.png,sentient_slab,.png,32,32,794,True,item_misc,True,SentientSlab.java,,D:\Tinh\Guild Master - Idle Dungeons\resources\res\drawable\sentient_slab.png
serpent_bite.png,serpent_bite,.png,32,32,278,True,item_misc,True,SerpentBite.java,,D:\Tinh\Guild Master - Idle Dungeons\resources\res\drawable\serpent_bite.png
serpent_jaws.png,serpent_jaws,.png,32,32,750,True,item_misc,True,SerpentJaws.java,,D:\Tinh\Guild Master - Idle Dungeons\resources\res\drawable\serpent_jaws.png
serpent_lunge.png,serpent_lunge,.png,32,32,523,True,item_misc,True,SerpentLunge.java,,D:\Tinh\Guild Master - Idle Dungeons\resources\res\drawable\serpent_lunge.png
serpent_staff.png,serpent_staff,.png,32,32,324,True,item_equipment,True,SerpentStaff.java,,D:\Tinh\Guild Master - Idle Dungeons\resources\res\drawable\serpent_staff.png
serpent_sting.png,serpent_sting,.png,32,32,460,True,item_misc,True,SerpentSting.java,,D:\Tinh\Guild Master - Idle Dungeons\resources\res\drawable\serpent_sting.png
sha.png,sha,.png,34,34,1497,True,item_misc,True,Sha.java; ShadowBow.java; ShadowDagger.java; ShadowGem.java; ShadowPotion.java; ShadowRing.java; ShahuriBow.java; ShahuriBowFrame.java; SharpRib.java,,D:\Tinh\Guild Master - Idle Dungeons\resources\res\drawable\sha.png
shadow_bow.png,shadow_bow,.png,32,32,249,True,item_equipment,True,ShadowBow.java,,D:\Tinh\Guild Master - Idle Dungeons\resources\res\drawable\shadow_bow.png
shadow_dagger.png,shadow_dagger,.png,32,32,294,True,item_weapon_armor,True,ShadowDagger.java,,D:\Tinh\Guild Master - Idle Dungeons\resources\res\drawable\shadow_dagger.png
shadow_gem.png,shadow_gem,.png,32,32,852,True,resource_currency,True,ShadowGem.java,,D:\Tinh\Guild Master - Idle Dungeons\resources\res\drawable\shadow_gem.png
shadow_potion.png,shadow_potion,.png,32,32,993,True,misc_system,True,ShadowPotion.java,,D:\Tinh\Guild Master - Idle Dungeons\resources\res\drawable\shadow_potion.png
shadow_ring.png,shadow_ring,.png,32,32,586,True,item_equipment,True,ShadowRing.java,,D:\Tinh\Guild Master - Idle Dungeons\resources\res\drawable\shadow_ring.png
shahuri_bow.png,shahuri_bow,.png,32,32,502,True,item_equipment,True,ShahuriBow.java; ShahuriBowFrame.java,,D:\Tinh\Guild Master - Idle Dungeons\resources\res\drawable\shahuri_bow.png
shahuri_bow_frame.png,shahuri_bow_frame,.png,32,32,469,True,item_equipment,True,ShahuriBowFrame.java,,D:\Tinh\Guild Master - Idle Dungeons\resources\res\drawable\shahuri_bow_frame.png
sharp_rib.png,sharp_rib,.png,32,32,550,True,item_misc,True,SharpRib.java,,D:\Tinh\Guild Master - Idle Dungeons\resources\res\drawable\sharp_rib.png
shield_of_the_martyr.png,shield_of_the_martyr,.png,32,32,1647,True,item_equipment,True,ShieldOfTheMartyr.java,,D:\Tinh\Guild Master - Idle Dungeons\resources\res\drawable\shield_of_the_martyr.png
shield_of_the_titan.png,shield_of_the_titan,.png,32,32,1564,True,item_equipment,True,ShieldOfTheTitan.java,,D:\Tinh\Guild Master - Idle Dungeons\resources\res\drawable\shield_of_the_titan.png
shielding_cuirass.png,shielding_cuirass,.png,32,32,1423,True,item_equipment,True,ShieldingCuirass.java,,D:\Tinh\Guild Master - Idle Dungeons\resources\res\drawable\shielding_cuirass.png
shielding_helm.png,shielding_helm,.png,32,32,1517,True,item_equipment,True,ShieldingHelm.java,,D:\Tinh\Guild Master - Idle Dungeons\resources\res\drawable\shielding_helm.png
shielding_jacket.png,shielding_jacket,.png,32,32,1005,True,item_equipment,True,ShieldingJacket.java,,D:\Tinh\Guild Master - Idle Dungeons\resources\res\drawable\shielding_jacket.png
shop.png,shop,.png,32,32,340,True,misc_system,True,DialogBuyFromMerchant.java; DialogRefillRaidTry.java; MainActivity.java,activity_main.xml; dialog_shop.xml,D:\Tinh\Guild Master - Idle Dungeons\resources\res\drawable\shop.png
shop_1.png,shop_1,.png,32,32,364,True,misc_system,True,,dialog_shop.xml,D:\Tinh\Guild Master - Idle Dungeons\resources\res\drawable\shop_1.png
shop_2.png,shop_2,.png,32,32,398,True,misc_system,True,,dialog_shop.xml,D:\Tinh\Guild Master - Idle Dungeons\resources\res\drawable\shop_2.png
shop_4.png,shop_4,.png,32,32,378,True,misc_system,True,,dialog_shop.xml,D:\Tinh\Guild Master - Idle Dungeons\resources\res\drawable\shop_4.png
short_circuit.png,short_circuit,.png,32,32,581,True,item_misc,True,ShortCircuit.java,,D:\Tinh\Guild Master - Idle Dungeons\resources\res\drawable\short_circuit.png
sickle.png,sickle,.png,32,32,365,True,item_misc,True,Sickle.java,,D:\Tinh\Guild Master - Idle Dungeons\resources\res\drawable\sickle.png
sign_market.png,sign_market,.png,24,31,731,True,misc_system,True,,fragment_headquarters.xml,D:\Tinh\Guild Master - Idle Dungeons\resources\res\drawable\sign_market.png
sign_quarters.png,sign_quarters,.png,24,31,714,True,misc_system,True,,fragment_headquarters.xml,D:\Tinh\Guild Master - Idle Dungeons\resources\res\drawable\sign_quarters.png
sign_shelter.png,sign_shelter,.png,24,31,654,True,misc_system,True,,fragment_headquarters.xml,D:\Tinh\Guild Master - Idle Dungeons\resources\res\drawable\sign_shelter.png
sign_storage.png,sign_storage,.png,24,31,600,True,misc_system,True,,fragment_headquarters.xml,D:\Tinh\Guild Master - Idle Dungeons\resources\res\drawable\sign_storage.png
sign_tavern.png,sign_tavern,.png,24,31,714,True,misc_system,True,,fragment_headquarters.xml,D:\Tinh\Guild Master - Idle Dungeons\resources\res\drawable\sign_tavern.png
sign_workshop.png,sign_workshop,.png,24,31,669,True,misc_system,True,,fragment_headquarters.xml,D:\Tinh\Guild Master - Idle Dungeons\resources\res\drawable\sign_workshop.png
silk_fabric.png,silk_fabric,.png,32,32,1107,True,item_misc,True,SilkFabric.java,,D:\Tinh\Guild Master - Idle Dungeons\resources\res\drawable\silk_fabric.png
silk_robe.png,silk_robe,.png,32,32,816,True,item_misc,True,SilkRobe.java,,D:\Tinh\Guild Master - Idle Dungeons\resources\res\drawable\silk_robe.png
silk_thread.png,silk_thread,.png,32,32,1029,True,item_misc,True,SilkThread.java,,D:\Tinh\Guild Master - Idle Dungeons\resources\res\drawable\silk_thread.png
silver_ring.png,silver_ring,.png,32,32,410,True,item_equipment,True,SilverRing.java,,D:\Tinh\Guild Master - Idle Dungeons\resources\res\drawable\silver_ring.png
sinister_stabilizer.png,sinister_stabilizer,.png,32,32,650,True,item_misc,True,SinisterStabilizer.java,,D:\Tinh\Guild Master - Idle Dungeons\resources\res\drawable\sinister_stabilizer.png
skeleton_key.png,skeleton_key,.png,32,32,548,True,item_misc,True,SkeletonKey.java; StatusEffectType.java,,D:\Tinh\Guild Master - Idle Dungeons\resources\res\drawable\skeleton_key.png
skin_blender.png,skin_blender,.png,32,32,792,True,item_misc,True,SkinBlender.java,,D:\Tinh\Guild Master - Idle Dungeons\resources\res\drawable\skin_blender.png
skull_candle.png,skull_candle,.png,32,32,1205,True,item_misc,True,SkullCandle.java,,D:\Tinh\Guild Master - Idle Dungeons\resources\res\drawable\skull_candle.png
slime_armor.png,slime_armor,.png,32,32,613,True,item_equipment,True,SlimeArmor.java,,D:\Tinh\Guild Master - Idle Dungeons\resources\res\drawable\slime_armor.png
slime_jacket.png,slime_jacket,.png,32,32,670,True,item_misc,True,SlimeJacket.java,,D:\Tinh\Guild Master - Idle Dungeons\resources\res\drawable\slime_jacket.png
slime_kings_crown.png,slime_kings_crown,.png,32,32,801,True,item_misc,True,SlimeKingsCrown.java,,D:\Tinh\Guild Master - Idle Dungeons\resources\res\drawable\slime_kings_crown.png
slime_robe.png,slime_robe,.png,32,32,536,True,item_misc,True,SlimeRobe.java,,D:\Tinh\Guild Master - Idle Dungeons\resources\res\drawable\slime_robe.png
soul_shard.png,soul_shard,.png,32,32,875,True,resource_currency,True,SoulShard.java,,D:\Tinh\Guild Master - Idle Dungeons\resources\res\drawable\soul_shard.png
spade.png,spade,.png,32,32,439,True,item_misc,True,Spade.java,,D:\Tinh\Guild Master - Idle Dungeons\resources\res\drawable\spade.png
spectral_cloth.png,spectral_cloth,.png,32,32,617,True,item_material,True,SpectralCloth.java,,D:\Tinh\Guild Master - Idle Dungeons\resources\res\drawable\spectral_cloth.png
spectral_robe.png,spectral_robe,.png,32,32,858,True,item_misc,True,SpectralRobe.java,,D:\Tinh\Guild Master - Idle Dungeons\resources\res\drawable\spectral_robe.png
spell_compendium.png,spell_compendium,.png,32,32,771,True,item_misc,True,SpellCompendium.java,,D:\Tinh\Guild Master - Idle Dungeons\resources\res\drawable\spell_compendium.png
spellwoven_hide.png,spellwoven_hide,.png,32,32,500,True,item_material,True,SpellwovenHide.java,,D:\Tinh\Guild Master - Idle Dungeons\resources\res\drawable\spellwoven_hide.png
spellwoven_jacket.png,spellwoven_jacket,.png,32,32,657,True,item_misc,True,SpellwovenJacket.java,,D:\Tinh\Guild Master - Idle Dungeons\resources\res\drawable\spellwoven_jacket.png
spellwoven_leather.png,spellwoven_leather,.png,32,32,432,True,item_material,True,SpellwovenLeather.java,,D:\Tinh\Guild Master - Idle Dungeons\resources\res\drawable\spellwoven_leather.png
spices.png,spices,.png,32,32,911,True,item_misc,True,Spices.java,,D:\Tinh\Guild Master - Idle Dungeons\resources\res\drawable\spices.png
spider.png,spider,.png,32,32,638,True,item_misc,True,SPIDER.java; SpiderBoots.java; SpiderGloves.java; SpiderLeg.java; SpiderRobe.java; SpiderSilk.java,,D:\Tinh\Guild Master - Idle Dungeons\resources\res\drawable\spider.png
spider_boots.png,spider_boots,.png,32,32,866,True,item_equipment,True,SpiderBoots.java,,D:\Tinh\Guild Master - Idle Dungeons\resources\res\drawable\spider_boots.png
spider_gloves.png,spider_gloves,.png,32,32,838,True,item_equipment,True,SpiderGloves.java,,D:\Tinh\Guild Master - Idle Dungeons\resources\res\drawable\spider_gloves.png
spider_leg.png,spider_leg,.png,32,32,622,True,item_misc,True,SpiderLeg.java,,D:\Tinh\Guild Master - Idle Dungeons\resources\res\drawable\spider_leg.png
spider_robe.png,spider_robe,.png,32,32,334,True,item_misc,True,SpiderRobe.java,,D:\Tinh\Guild Master - Idle Dungeons\resources\res\drawable\spider_robe.png
spider_silk.png,spider_silk,.png,32,32,428,True,item_misc,True,SpiderSilk.java,,D:\Tinh\Guild Master - Idle Dungeons\resources\res\drawable\spider_silk.png
spiked_primeval_shield.png,spiked_primeval_shield,.png,32,32,878,True,item_equipment,True,SpikedPrimevalShield.java,,D:\Tinh\Guild Master - Idle Dungeons\resources\res\drawable\spiked_primeval_shield.png
spiked_skeleton.png,spiked_skeleton,.png,32,32,1108,True,item_misc,True,SpikedSkeleton.java,,D:\Tinh\Guild Master - Idle Dungeons\resources\res\drawable\spiked_skeleton.png
spiked_tortoise_shield.png,spiked_tortoise_shield,.png,32,32,852,True,item_equipment,True,SpikedTortoiseShield.java,,D:\Tinh\Guild Master - Idle Dungeons\resources\res\drawable\spiked_tortoise_shield.png
spirit_candle.png,spirit_candle,.png,32,32,751,True,item_misc,True,SpiritCandle.java,,D:\Tinh\Guild Master - Idle Dungeons\resources\res\drawable\spirit_candle.png
spirit_tome.png,spirit_tome,.png,32,32,1431,True,item_misc,True,SpiritTome.java,,D:\Tinh\Guild Master - Idle Dungeons\resources\res\drawable\spirit_tome.png
spitfang_jacket.png,spitfang_jacket,.png,32,32,701,True,item_misc,True,SpitfangJacket.java,,D:\Tinh\Guild Master - Idle Dungeons\resources\res\drawable\spitfang_jacket.png
spitfang_scale.png,spitfang_scale,.png,32,32,656,True,item_material,True,SpitfangScale.java,,D:\Tinh\Guild Master - Idle Dungeons\resources\res\drawable\spitfang_scale.png
staff_of_the_archmage.png,staff_of_the_archmage,.png,32,32,517,True,character,True,StaffOfTheArchmage.java,,D:\Tinh\Guild Master - Idle Dungeons\resources\res\drawable\staff_of_the_archmage.png
star_fragment.png,star_fragment,.png,32,32,543,True,icon_ui,True,StarFragment.java,,D:\Tinh\Guild Master - Idle Dungeons\resources\res\drawable\star_fragment.png
starvation.png,starvation,.png,32,32,1239,True,item_misc,True,Starvation.java,,D:\Tinh\Guild Master - Idle Dungeons\resources\res\drawable\starvation.png
static_core.png,static_core,.png,32,32,439,True,icon_nav,True,StaticCore.java,,D:\Tinh\Guild Master - Idle Dungeons\resources\res\drawable\static_core.png
static_essence.png,static_essence,.png,32,32,497,True,icon_nav,True,StaticEssence.java,,D:\Tinh\Guild Master - Idle Dungeons\resources\res\drawable\static_essence.png
steak_braise.png,steak_braise,.png,32,32,605,True,item_misc,True,SteakBraise.java,,D:\Tinh\Guild Master - Idle Dungeons\resources\res\drawable\steak_braise.png
stellar_flare.png,stellar_flare,.png,32,32,1127,True,item_misc,True,StellarFlare.java,,D:\Tinh\Guild Master - Idle Dungeons\resources\res\drawable\stellar_flare.png
stellar_staff.png,stellar_staff,.png,64,64,417,False,item_equipment,True,StellarStaff.java,,D:\Tinh\Guild Master - Idle Dungeons\resources\res\drawable\stellar_staff.png
stew.png,stew,.png,32,32,665,True,item_misc,True,Stew.java,,D:\Tinh\Guild Master - Idle Dungeons\resources\res\drawable\stew.png
strawberry.png,strawberry,.png,32,32,426,True,item_misc,True,Strawberry.java; StrawberryPancake.java; StrawberrySmoothie.java,,D:\Tinh\Guild Master - Idle Dungeons\resources\res\drawable\strawberry.png
strawberry_pancake.png,strawberry_pancake,.png,32,32,536,True,item_misc,True,StrawberryPancake.java,,D:\Tinh\Guild Master - Idle Dungeons\resources\res\drawable\strawberry_pancake.png
strawberry_smoothie.png,strawberry_smoothie,.png,32,32,437,True,item_misc,True,StrawberrySmoothie.java,,D:\Tinh\Guild Master - Idle Dungeons\resources\res\drawable\strawberry_smoothie.png
summary_ancient_grave_digging.png,summary_ancient_grave_digging,.png,400,200,36247,True,item_misc,True,AncientGraveDigging.java,,D:\Tinh\Guild Master - Idle Dungeons\resources\res\drawable\summary_ancient_grave_digging.png
summary_barren_wastelands.png,summary_barren_wastelands,.png,400,200,22377,True,item_misc,True,BarrenWastelands.java,,D:\Tinh\Guild Master - Idle Dungeons\resources\res\drawable\summary_barren_wastelands.png
summary_blackwater_port.png,summary_blackwater_port,.png,400,200,29612,True,item_misc,True,BlackwaterPort.java,,D:\Tinh\Guild Master - Idle Dungeons\resources\res\drawable\summary_blackwater_port.png
summary_celestial_mothership.png,summary_celestial_mothership,.png,400,200,117742,True,item_misc,True,CelestialMothership.java,,D:\Tinh\Guild Master - Idle Dungeons\resources\res\drawable\summary_celestial_mothership.png
summary_divine_archeology.png,summary_divine_archeology,.png,400,200,35126,True,item_misc,True,DivineArcheology.java,,D:\Tinh\Guild Master - Idle Dungeons\resources\res\drawable\summary_divine_archeology.png
summary_enchanted_forest.png,summary_enchanted_forest,.png,400,200,29717,True,item_misc,True,EnchantedForest.java,,D:\Tinh\Guild Master - Idle Dungeons\resources\res\drawable\summary_enchanted_forest.png
summary_eternal_battlefield.png,summary_eternal_battlefield,.png,400,200,21711,True,item_misc,True,EternalBattlefield.java,,D:\Tinh\Guild Master - Idle Dungeons\resources\res\drawable\summary_eternal_battlefield.png
summary_frostbite_peaks.png,summary_frostbite_peaks,.png,400,200,28203,True,item_misc,True,FrostbitePeaks.java,,D:\Tinh\Guild Master - Idle Dungeons\resources\res\drawable\summary_frostbite_peaks.png
summary_hidden_city_of_larox.png,summary_hidden_city_of_larox,.png,200,100,25624,True,item_misc,True,HiddenCityOfLarox.java,,D:\Tinh\Guild Master - Idle Dungeons\resources\res\drawable\summary_hidden_city_of_larox.png
summary_imperial_rescue.png,summary_imperial_rescue,.png,400,200,28743,True,item_misc,True,ImperialRescue.java,,D:\Tinh\Guild Master - Idle Dungeons\resources\res\drawable\summary_imperial_rescue.png
summary_kaunis.png,summary_kaunis,.png,400,200,79982,True,item_misc,True,Kaunis.java,,D:\Tinh\Guild Master - Idle Dungeons\resources\res\drawable\summary_kaunis.png
summary_lost_lands.png,summary_lost_lands,.png,400,200,79280,True,item_misc,True,LostLands.java,,D:\Tinh\Guild Master - Idle Dungeons\resources\res\drawable\summary_lost_lands.png
summary_obsidian_mines.png,summary_obsidian_mines,.png,400,200,39197,True,item_misc,True,ObsidianMines.java,,D:\Tinh\Guild Master - Idle Dungeons\resources\res\drawable\summary_obsidian_mines.png
summary_sleeping_planet.png,summary_sleeping_planet,.png,400,200,37341,True,item_misc,True,SleepingPlanet.java,,D:\Tinh\Guild Master - Idle Dungeons\resources\res\drawable\summary_sleeping_planet.png
summary_the_cultist_rebels.png,summary_the_cultist_rebels,.png,400,200,24563,True,item_misc,True,TheCultistRebels.java,,D:\Tinh\Guild Master - Idle Dungeons\resources\res\drawable\summary_the_cultist_rebels.png
summary_the_desert.png,summary_the_desert,.png,400,200,14131,True,item_misc,True,TheDesert.java,,D:\Tinh\Guild Master - Idle Dungeons\resources\res\drawable\summary_the_desert.png
summary_the_dire_descent.png,summary_the_dire_descent,.png,400,200,102244,True,item_misc,True,TheDireDescent.java,,D:\Tinh\Guild Master - Idle Dungeons\resources\res\drawable\summary_the_dire_descent.png
summary_the_dreadful_ascent.png,summary_the_dreadful_ascent,.png,400,200,26882,True,item_misc,True,TheDreadfulAscent.java,,D:\Tinh\Guild Master - Idle Dungeons\resources\res\drawable\summary_the_dreadful_ascent.png
summary_the_golden_city.png,summary_the_golden_city,.png,400,200,43077,True,resource_currency,True,TheGoldenCity.java,,D:\Tinh\Guild Master - Idle Dungeons\resources\res\drawable\summary_the_golden_city.png
summary_the_lost_expedition.png,summary_the_lost_expedition,.png,400,200,70768,True,item_misc,True,TheLostExpedition.java,,D:\Tinh\Guild Master - Idle Dungeons\resources\res\drawable\summary_the_lost_expedition.png
summary_the_slime_pond.png,summary_the_slime_pond,.png,400,200,30462,True,item_misc,True,TheSlimePond.java,,D:\Tinh\Guild Master - Idle Dungeons\resources\res\drawable\summary_the_slime_pond.png
summary_the_southern_grove.png,summary_the_southern_grove,.png,400,200,27611,True,item_misc,True,TheSouthernGrove.java,,D:\Tinh\Guild Master - Idle Dungeons\resources\res\drawable\summary_the_southern_grove.png
summary_the_tower.png,summary_the_tower,.png,400,200,59138,True,item_misc,True,TheTower.java,,D:\Tinh\Guild Master - Idle Dungeons\resources\res\drawable\summary_the_tower.png
sun_staff.png,sun_staff,.png,64,64,448,False,item_equipment,True,SunStaff.java,,D:\Tinh\Guild Master - Idle Dungeons\resources\res\drawable\sun_staff.png
sunfire_core.png,sunfire_core,.png,32,32,436,True,item_material,True,SunfireCore.java,,D:\Tinh\Guild Master - Idle Dungeons\resources\res\drawable\sunfire_core.png
sunfire_essence.png,sunfire_essence,.png,32,32,500,True,item_material,True,SunfireEssence.java,,D:\Tinh\Guild Master - Idle Dungeons\resources\res\drawable\sunfire_essence.png
swarmkeeper_armor.png,swarmkeeper_armor,.png,32,32,1933,True,item_equipment,True,SwarmkeeperArmor.java,,D:\Tinh\Guild Master - Idle Dungeons\resources\res\drawable\swarmkeeper_armor.png
sweet_and_sour_meat.png,sweet_and_sour_meat,.png,32,32,700,True,item_misc,True,SweetAndSourMeat.java,,D:\Tinh\Guild Master - Idle Dungeons\resources\res\drawable\sweet_and_sour_meat.png
sylvan_blessing.png,sylvan_blessing,.png,32,32,462,True,item_misc,True,SylvanBlessing.java,,D:\Tinh\Guild Master - Idle Dungeons\resources\res\drawable\sylvan_blessing.png
sylvan_flute.png,sylvan_flute,.png,32,32,326,True,item_misc,True,SylvanFlute.java,,D:\Tinh\Guild Master - Idle Dungeons\resources\res\drawable\sylvan_flute.png
sylvan_mandate.png,sylvan_mandate,.png,32,32,521,True,item_misc,True,SylvanMandate.java,,D:\Tinh\Guild Master - Idle Dungeons\resources\res\drawable\sylvan_mandate.png
synapse.png,synapse,.png,32,32,392,True,item_misc,True,Synapse.java,,D:\Tinh\Guild Master - Idle Dungeons\resources\res\drawable\synapse.png
taco.png,taco,.png,32,32,786,True,item_misc,True,Taco.java,,D:\Tinh\Guild Master - Idle Dungeons\resources\res\drawable\taco.png
tactical_helmet.png,tactical_helmet,.png,32,32,587,True,item_equipment,True,TacticalHelmet.java,,D:\Tinh\Guild Master - Idle Dungeons\resources\res\drawable\tactical_helmet.png
tattered_hide.png,tattered_hide,.png,32,32,514,True,item_material,True,TatteredHide.java,,D:\Tinh\Guild Master - Idle Dungeons\resources\res\drawable\tattered_hide.png
terrorsaurus_fang.png,terrorsaurus_fang,.png,32,32,720,True,item_material,True,TerrorsaurusFang.java,,D:\Tinh\Guild Master - Idle Dungeons\resources\res\drawable\terrorsaurus_fang.png
test_area_image_detail_forest.png,test_area_image_detail_forest,.png,200,200,2125,False,character,True,,dialog_dungeon_detail.xml,D:\Tinh\Guild Master - Idle Dungeons\resources\res\drawable\test_area_image_detail_forest.png
test_area_image_summary_forest.png,test_area_image_summary_forest,.png,300,150,1181,False,character,False,,,D:\Tinh\Guild Master - Idle Dungeons\resources\res\drawable\test_area_image_summary_forest.png
test_unit_not_drawn.png,test_unit_not_drawn,.png,40,40,307,True,item_misc,False,,,D:\Tinh\Guild Master - Idle Dungeons\resources\res\drawable\test_unit_not_drawn.png
thaumaturgic_blood.png,thaumaturgic_blood,.png,32,32,772,True,icon_nav,True,ThaumaturgicBlood.java,,D:\Tinh\Guild Master - Idle Dungeons\resources\res\drawable\thaumaturgic_blood.png
tiramisu.png,tiramisu,.png,32,32,790,True,item_misc,True,Tiramisu.java,,D:\Tinh\Guild Master - Idle Dungeons\resources\res\drawable\tiramisu.png
titanic_might.png,titanic_might,.png,32,32,912,True,icon_nav,True,TitanicMight.java,,D:\Tinh\Guild Master - Idle Dungeons\resources\res\drawable\titanic_might.png
tomato.png,tomato,.png,32,32,771,True,item_misc,True,Tomato.java,,D:\Tinh\Guild Master - Idle Dungeons\resources\res\drawable\tomato.png
tombstone.png,tombstone,.png,32,32,571,True,item_misc,True,DialogDungeonDetail.java,,D:\Tinh\Guild Master - Idle Dungeons\resources\res\drawable\tombstone.png
tortoise_armor.png,tortoise_armor,.png,32,32,803,True,item_equipment,True,TortoiseArmor.java,,D:\Tinh\Guild Master - Idle Dungeons\resources\res\drawable\tortoise_armor.png
tortoise_shield.png,tortoise_shield,.png,32,32,709,True,item_equipment,True,TortoiseShield.java,,D:\Tinh\Guild Master - Idle Dungeons\resources\res\drawable\tortoise_shield.png
tortoise_thorn.png,tortoise_thorn,.png,32,32,455,True,item_misc,True,TortoiseThorn.java,,D:\Tinh\Guild Master - Idle Dungeons\resources\res\drawable\tortoise_thorn.png
toxin_pouch.png,toxin_pouch,.png,32,32,454,True,item_misc,True,ToxinPouch.java,,D:\Tinh\Guild Master - Idle Dungeons\resources\res\drawable\toxin_pouch.png
training_bow.png,training_bow,.png,64,64,279,False,item_equipment,True,TrainingBow.java,,D:\Tinh\Guild Master - Idle Dungeons\resources\res\drawable\training_bow.png
troll_hide.png,troll_hide,.png,32,32,413,True,item_material,True,TrollHide.java,,D:\Tinh\Guild Master - Idle Dungeons\resources\res\drawable\troll_hide.png
trollskin_jacket.png,trollskin_jacket,.png,32,32,676,True,item_misc,True,TrollskinJacket.java,,D:\Tinh\Guild Master - Idle Dungeons\resources\res\drawable\trollskin_jacket.png
tuna_nigiri.png,tuna_nigiri,.png,32,32,488,True,item_misc,True,TunaNigiri.java,,D:\Tinh\Guild Master - Idle Dungeons\resources\res\drawable\tuna_nigiri.png
tuna_roll.png,tuna_roll,.png,32,32,734,True,item_misc,True,TunaRoll.java,,D:\Tinh\Guild Master - Idle Dungeons\resources\res\drawable\tuna_roll.png
tunica_ignis.png,tunica_ignis,.png,32,32,501,True,item_misc,True,TunicaIgnis.java,,D:\Tinh\Guild Master - Idle Dungeons\resources\res\drawable\tunica_ignis.png
tunica_infernalis.png,tunica_infernalis,.png,32,32,1083,True,item_misc,True,TunicaInfernalis.java,,D:\Tinh\Guild Master - Idle Dungeons\resources\res\drawable\tunica_infernalis.png
tusk_necklace.png,tusk_necklace,.png,32,32,1081,True,item_misc,True,TuskNecklace.java,,D:\Tinh\Guild Master - Idle Dungeons\resources\res\drawable\tusk_necklace.png
tutorial_icon.png,tutorial_icon,.png,32,32,611,True,misc_system,True,,activity_main.xml,D:\Tinh\Guild Master - Idle Dungeons\resources\res\drawable\tutorial_icon.png
undead_cuirass.png,undead_cuirass,.png,32,32,1030,True,item_misc,True,UndeadCuirass.java,,D:\Tinh\Guild Master - Idle Dungeons\resources\res\drawable\undead_cuirass.png
undead_gloves.png,undead_gloves,.png,32,32,654,True,item_equipment,True,UndeadGloves.java,,D:\Tinh\Guild Master - Idle Dungeons\resources\res\drawable\undead_gloves.png
undead_greaves.png,undead_greaves,.png,32,32,1069,True,item_misc,True,UndeadGreaves.java,,D:\Tinh\Guild Master - Idle Dungeons\resources\res\drawable\undead_greaves.png
undead_helm.png,undead_helm,.png,32,32,750,True,item_misc,True,UndeadHelm.java,,D:\Tinh\Guild Master - Idle Dungeons\resources\res\drawable\undead_helm.png
undead_jacket.png,undead_jacket,.png,32,32,1026,True,item_misc,True,UndeadJacket.java,,D:\Tinh\Guild Master - Idle Dungeons\resources\res\drawable\undead_jacket.png
undead_knife.png,undead_knife,.png,32,32,883,True,item_misc,True,UndeadKnife.java,,D:\Tinh\Guild Master - Idle Dungeons\resources\res\drawable\undead_knife.png
undead_shield.png,undead_shield,.png,32,32,904,True,item_equipment,True,UndeadShield.java,,D:\Tinh\Guild Master - Idle Dungeons\resources\res\drawable\undead_shield.png
undead_staff.png,undead_staff,.png,64,64,367,False,item_equipment,True,UndeadStaff.java,,D:\Tinh\Guild Master - Idle Dungeons\resources\res\drawable\undead_staff.png
undead_sword.png,undead_sword,.png,64,64,351,False,item_equipment,True,UndeadSword.java,,D:\Tinh\Guild Master - Idle Dungeons\resources\res\drawable\undead_sword.png
unholy_cuirass.png,unholy_cuirass,.png,32,32,913,True,item_misc,True,UnholyCuirass.java,,D:\Tinh\Guild Master - Idle Dungeons\resources\res\drawable\unholy_cuirass.png
unholy_potion.png,unholy_potion,.png,32,32,994,True,misc_system,True,UnholyPotion.java,,D:\Tinh\Guild Master - Idle Dungeons\resources\res\drawable\unholy_potion.png
unholy_spellcage.png,unholy_spellcage,.png,32,32,917,True,item_misc,True,UnholySpellcage.java,,D:\Tinh\Guild Master - Idle Dungeons\resources\res\drawable\unholy_spellcage.png
unholy_sword.png,unholy_sword,.png,32,32,409,True,item_equipment,True,UnholySword.java,,D:\Tinh\Guild Master - Idle Dungeons\resources\res\drawable\unholy_sword.png
unit_abomination.png,unit_abomination,.png,68,68,729,False,enemy_other,True,Abomination.java,,D:\Tinh\Guild Master - Idle Dungeons\resources\res\drawable\unit_abomination.png
unit_adept.png,unit_adept,.png,68,68,704,False,enemy_other,True,Adept.java,,D:\Tinh\Guild Master - Idle Dungeons\resources\res\drawable\unit_adept.png
unit_alchemist.png,unit_alchemist,.png,68,68,1117,False,enemy_other,True,Alchemist.java,,D:\Tinh\Guild Master - Idle Dungeons\resources\res\drawable\unit_alchemist.png
unit_amanita_obscura.png,unit_amanita_obscura,.png,68,68,1100,False,enemy_other,True,AmanitaObscura.java,,D:\Tinh\Guild Master - Idle Dungeons\resources\res\drawable\unit_amanita_obscura.png
unit_ancient_ent.png,unit_ancient_ent,.png,68,68,795,False,enemy_other,True,AncientEnt.java,,D:\Tinh\Guild Master - Idle Dungeons\resources\res\drawable\unit_ancient_ent.png
unit_ancient_lich.png,unit_ancient_lich,.png,68,68,4056,True,enemy_other,True,AncientLich.java,,D:\Tinh\Guild Master - Idle Dungeons\resources\res\drawable\unit_ancient_lich.png
unit_angel.png,unit_angel,.png,68,68,1349,False,enemy_other,True,Angel.java; AngelOfWar.java,,D:\Tinh\Guild Master - Idle Dungeons\resources\res\drawable\unit_angel.png
unit_angel_of_war.png,unit_angel_of_war,.png,68,68,988,False,enemy_other,True,AngelOfWar.java,,D:\Tinh\Guild Master - Idle Dungeons\resources\res\drawable\unit_angel_of_war.png
unit_apprentice.png,unit_apprentice,.png,68,68,653,False,enemy_other,True,Apprentice.java,,D:\Tinh\Guild Master - Idle Dungeons\resources\res\drawable\unit_apprentice.png
unit_arcane_assassin.png,unit_arcane_assassin,.png,68,68,940,False,enemy_other,True,ArcaneAssassin.java,,D:\Tinh\Guild Master - Idle Dungeons\resources\res\drawable\unit_arcane_assassin.png
unit_archangel.png,unit_archangel,.png,68,68,1720,False,enemy_other,True,Archangel.java,,D:\Tinh\Guild Master - Idle Dungeons\resources\res\drawable\unit_archangel.png
unit_archer.png,unit_archer,.png,68,68,683,False,enemy_other,True,Archer.java,,D:\Tinh\Guild Master - Idle Dungeons\resources\res\drawable\unit_archer.png
unit_archmage_of_larox.png,unit_archmage_of_larox,.png,68,68,990,False,character,True,ArchmageOfLarox.java,,D:\Tinh\Guild Master - Idle Dungeons\resources\res\drawable\unit_archmage_of_larox.png
unit_assassin.png,unit_assassin,.png,68,68,754,False,enemy_other,True,Assassin.java,,D:\Tinh\Guild Master - Idle Dungeons\resources\res\drawable\unit_assassin.png
unit_avatar_of_the_ancient.png,unit_avatar_of_the_ancient,.png,64,64,3594,True,enemy_other,True,AvatarOfTheAncient.java,,D:\Tinh\Guild Master - Idle Dungeons\resources\res\drawable\unit_avatar_of_the_ancient.png
unit_balrog.png,unit_balrog,.png,68,68,2398,False,enemy_other,True,Balrog.java,,D:\Tinh\Guild Master - Idle Dungeons\resources\res\drawable\unit_balrog.png
unit_banshee.png,unit_banshee,.png,68,68,826,False,enemy_other,True,Banshee.java,,D:\Tinh\Guild Master - Idle Dungeons\resources\res\drawable\unit_banshee.png
unit_bard.png,unit_bard,.png,68,68,751,False,character,True,Bard.java,,D:\Tinh\Guild Master - Idle Dungeons\resources\res\drawable\unit_bard.png
unit_beholder.png,unit_beholder,.png,68,68,695,False,enemy_other,True,Beholder.java,,D:\Tinh\Guild Master - Idle Dungeons\resources\res\drawable\unit_beholder.png
unit_berserker.png,unit_berserker,.png,68,68,969,False,enemy_other,True,Berserker.java,,D:\Tinh\Guild Master - Idle Dungeons\resources\res\drawable\unit_berserker.png
unit_black_idol.png,unit_black_idol,.png,68,68,2392,False,enemy_other,True,BlackIdol.java,,D:\Tinh\Guild Master - Idle Dungeons\resources\res\drawable\unit_black_idol.png
unit_black_regent.png,unit_black_regent,.png,68,68,851,False,enemy_other,True,BlackRegent.java,,D:\Tinh\Guild Master - Idle Dungeons\resources\res\drawable\unit_black_regent.png
unit_bleak_deacon.png,unit_bleak_deacon,.png,64,64,684,False,enemy_other,True,BleakDeacon.java,,D:\Tinh\Guild Master - Idle Dungeons\resources\res\drawable\unit_bleak_deacon.png
unit_bleak_disciple.png,unit_bleak_disciple,.png,64,64,580,False,enemy_other,True,BleakDisciple.java,,D:\Tinh\Guild Master - Idle Dungeons\resources\res\drawable\unit_bleak_disciple.png
unit_blight.png,unit_blight,.png,68,68,1286,False,enemy_other,True,Blight.java,,D:\Tinh\Guild Master - Idle Dungeons\resources\res\drawable\unit_blight.png
unit_boar.png,unit_boar,.png,68,68,627,False,enemy_other,True,Boar.java,,D:\Tinh\Guild Master - Idle Dungeons\resources\res\drawable\unit_boar.png
unit_bone_horror.png,unit_bone_horror,.png,68,68,728,False,enemy_other,True,BoneHorror.java,,D:\Tinh\Guild Master - Idle Dungeons\resources\res\drawable\unit_bone_horror.png
unit_bone_hydra.png,unit_bone_hydra,.png,68,68,680,False,enemy_other,True,BoneHydra.java,,D:\Tinh\Guild Master - Idle Dungeons\resources\res\drawable\unit_bone_hydra.png
unit_bone_nightmare.png,unit_bone_nightmare,.png,68,68,609,False,enemy_other,True,BoneNightmare.java,,D:\Tinh\Guild Master - Idle Dungeons\resources\res\drawable\unit_bone_nightmare.png
unit_celestial_destroyer.png,unit_celestial_destroyer,.png,68,68,1042,False,enemy_other,True,CelestialDestroyer.java,,D:\Tinh\Guild Master - Idle Dungeons\resources\res\drawable\unit_celestial_destroyer.png
unit_celestial_lancer.png,unit_celestial_lancer,.png,68,68,623,False,enemy_other,True,CelestialLancer.java,,D:\Tinh\Guild Master - Idle Dungeons\resources\res\drawable\unit_celestial_lancer.png
unit_celestial_rain.png,unit_celestial_rain,.png,68,68,1014,False,enemy_other,True,CelestialRain.java,,D:\Tinh\Guild Master - Idle Dungeons\resources\res\drawable\unit_celestial_rain.png
unit_centaur.png,unit_centaur,.png,68,68,749,False,enemy_other,True,Centaur.java,,D:\Tinh\Guild Master - Idle Dungeons\resources\res\drawable\unit_centaur.png
unit_cerebrum.png,unit_cerebrum,.png,68,68,661,False,enemy_other,True,Cerebrum.java,,D:\Tinh\Guild Master - Idle Dungeons\resources\res\drawable\unit_cerebrum.png
unit_chief_scientist_ava.png,unit_chief_scientist_ava,.png,68,68,710,False,enemy_other,True,ChiefScientistAva.java,,D:\Tinh\Guild Master - Idle Dungeons\resources\res\drawable\unit_chief_scientist_ava.png
unit_city_warden.png,unit_city_warden,.png,68,68,736,False,enemy_other,True,CityWarden.java,,D:\Tinh\Guild Master - Idle Dungeons\resources\res\drawable\unit_city_warden.png
unit_claris.png,unit_claris,.png,68,68,1645,False,enemy_other,True,Claris.java,,D:\Tinh\Guild Master - Idle Dungeons\resources\res\drawable\unit_claris.png
unit_cleric.png,unit_cleric,.png,68,68,1088,False,character,True,Cleric.java,,D:\Tinh\Guild Master - Idle Dungeons\resources\res\drawable\unit_cleric.png
unit_corrosive_wraith.png,unit_corrosive_wraith,.png,68,68,2189,False,enemy_other,True,CorrosiveWraith.java,,D:\Tinh\Guild Master - Idle Dungeons\resources\res\drawable\unit_corrosive_wraith.png
unit_crusader.png,unit_crusader,.png,68,68,771,False,enemy_other,True,Crusader.java,,D:\Tinh\Guild Master - Idle Dungeons\resources\res\drawable\unit_crusader.png
unit_cuttroath.png,unit_cuttroath,.png,68,68,651,False,enemy_other,True,Cutthroat.java,,D:\Tinh\Guild Master - Idle Dungeons\resources\res\drawable\unit_cuttroath.png
unit_dark_knight.png,unit_dark_knight,.png,68,68,634,False,character,True,DarkKnight.java,,D:\Tinh\Guild Master - Idle Dungeons\resources\res\drawable\unit_dark_knight.png
unit_dark_sorcerer.png,unit_dark_sorcerer,.png,68,68,804,False,enemy_other,True,DarkSorcerer.java,,D:\Tinh\Guild Master - Idle Dungeons\resources\res\drawable\unit_dark_sorcerer.png
unit_death_hound.png,unit_death_hound,.png,68,68,518,False,enemy_other,True,DeathHound.java,,D:\Tinh\Guild Master - Idle Dungeons\resources\res\drawable\unit_death_hound.png
unit_death_knight.png,unit_death_knight,.png,68,68,737,False,character,True,DeathKnight.java,,D:\Tinh\Guild Master - Idle Dungeons\resources\res\drawable\unit_death_knight.png
unit_deckhand.png,unit_deckhand,.png,68,68,605,False,enemy_other,True,Deckhand.java,,D:\Tinh\Guild Master - Idle Dungeons\resources\res\drawable\unit_deckhand.png
unit_demilich.png,unit_demilich,.png,68,68,1382,False,enemy_other,True,Demilich.java,,D:\Tinh\Guild Master - Idle Dungeons\resources\res\drawable\unit_demilich.png
unit_demon.png,unit_demon,.png,68,68,1131,False,enemy_other,True,Demon.java,,D:\Tinh\Guild Master - Idle Dungeons\resources\res\drawable\unit_demon.png
unit_divine_champion.png,unit_divine_champion,.png,68,68,915,False,enemy_other,True,DivineChampion.java,,D:\Tinh\Guild Master - Idle Dungeons\resources\res\drawable\unit_divine_champion.png
unit_divine_duelist.png,unit_divine_duelist,.png,68,68,888,False,enemy_other,True,DivineDuelist.java,,D:\Tinh\Guild Master - Idle Dungeons\resources\res\drawable\unit_divine_duelist.png
unit_djinn.png,unit_djinn,.png,68,68,1383,False,enemy_other,True,Djinn.java,,D:\Tinh\Guild Master - Idle Dungeons\resources\res\drawable\unit_djinn.png
unit_drake_rider.png,unit_drake_rider,.png,68,68,1067,False,enemy_other,True,DrakeRider.java,,D:\Tinh\Guild Master - Idle Dungeons\resources\res\drawable\unit_drake_rider.png
unit_dreamwrought_beast.png,unit_dreamwrought_beast,.png,68,68,938,False,enemy_other,True,DreamwroughtBeast.java,,D:\Tinh\Guild Master - Idle Dungeons\resources\res\drawable\unit_dreamwrought_beast.png
unit_dreamwrought_dragon.png,unit_dreamwrought_dragon,.png,68,68,1071,False,enemy_other,True,DreamwroughtDragon.java,,D:\Tinh\Guild Master - Idle Dungeons\resources\res\drawable\unit_dreamwrought_dragon.png
unit_dreamwrought_forge.png,unit_dreamwrought_forge,.png,68,68,861,False,enemy_other,True,DreamwroughtForge.java,,D:\Tinh\Guild Master - Idle Dungeons\resources\res\drawable\unit_dreamwrought_forge.png
unit_dreamwrought_swarm.png,unit_dreamwrought_swarm,.png,68,68,1073,False,enemy_other,True,DreamwroughtSwarm.java,,D:\Tinh\Guild Master - Idle Dungeons\resources\res\drawable\unit_dreamwrought_swarm.png
unit_dryad.png,unit_dryad,.png,68,68,629,False,enemy_other,True,Dryad.java,,D:\Tinh\Guild Master - Idle Dungeons\resources\res\drawable\unit_dryad.png
unit_eidolon.png,unit_eidolon,.png,68,68,1648,False,enemy_other,True,Eidolon.java,,D:\Tinh\Guild Master - Idle Dungeons\resources\res\drawable\unit_eidolon.png
unit_eldritch_alchemist.png,unit_eldritch_alchemist,.png,68,68,1968,False,enemy_other,True,EldritchAlchemist.java,,D:\Tinh\Guild Master - Idle Dungeons\resources\res\drawable\unit_eldritch_alchemist.png
unit_eldritch_hound.png,unit_eldritch_hound,.png,64,64,619,False,enemy_other,True,EldritchHound.java,,D:\Tinh\Guild Master - Idle Dungeons\resources\res\drawable\unit_eldritch_hound.png
unit_electric_slime.png,unit_electric_slime,.png,68,68,533,False,icon_nav,True,ElectricSlime.java,,D:\Tinh\Guild Master - Idle Dungeons\resources\res\drawable\unit_electric_slime.png
unit_elemental_alchemist.png,unit_elemental_alchemist,.png,68,68,1398,False,enemy_beast,True,ElementalAlchemist.java,,D:\Tinh\Guild Master - Idle Dungeons\resources\res\drawable\unit_elemental_alchemist.png
unit_emperor_clovis_xxviii.png,unit_emperor_clovis_xxviii,.png,68,68,791,False,enemy_other,True,EmperorClovisXXVIII.java,,D:\Tinh\Guild Master - Idle Dungeons\resources\res\drawable\unit_emperor_clovis_xxviii.png
unit_enforcer.png,unit_enforcer,.png,68,68,558,False,enemy_other,True,Enforcer.java,,D:\Tinh\Guild Master - Idle Dungeons\resources\res\drawable\unit_enforcer.png
unit_ent.png,unit_ent,.png,68,68,749,False,enemy_other,True,Ent.java,,D:\Tinh\Guild Master - Idle Dungeons\resources\res\drawable\unit_ent.png
unit_esoteric_alchemist.png,unit_esoteric_alchemist,.png,68,68,1852,False,icon_nav,True,EsotericAlchemist.java,,D:\Tinh\Guild Master - Idle Dungeons\resources\res\drawable\unit_esoteric_alchemist.png
unit_eternal_fortress.png,unit_eternal_fortress,.png,68,68,958,False,enemy_other,True,EternalFortress.java,,D:\Tinh\Guild Master - Idle Dungeons\resources\res\drawable\unit_eternal_fortress.png
unit_ethereal_soul.png,unit_ethereal_soul,.png,68,68,658,False,enemy_other,True,EtherealSoul.java,,D:\Tinh\Guild Master - Idle Dungeons\resources\res\drawable\unit_ethereal_soul.png
unit_fire_slime.png,unit_fire_slime,.png,68,68,1691,False,enemy_other,True,FireSlime.java,,D:\Tinh\Guild Master - Idle Dungeons\resources\res\drawable\unit_fire_slime.png
unit_fire_wizard.png,unit_fire_wizard,.png,68,68,716,False,enemy_other,True,FireWizard.java,,D:\Tinh\Guild Master - Idle Dungeons\resources\res\drawable\unit_fire_wizard.png
unit_first_minister_atos.png,unit_first_minister_atos,.png,68,68,1754,False,enemy_other,True,FirstMinisterAtos.java,,D:\Tinh\Guild Master - Idle Dungeons\resources\res\drawable\unit_first_minister_atos.png
unit_footman.png,unit_footman,.png,68,68,642,False,enemy_other,True,Footman.java,,D:\Tinh\Guild Master - Idle Dungeons\resources\res\drawable\unit_footman.png
unit_forest_spirit.png,unit_forest_spirit,.png,68,68,916,False,dungeon_place,True,ForestSpirit.java,,D:\Tinh\Guild Master - Idle Dungeons\resources\res\drawable\unit_forest_spirit.png
unit_frozen_slime.png,unit_frozen_slime,.png,68,68,517,False,enemy_other,True,FrozenSlime.java,,D:\Tinh\Guild Master - Idle Dungeons\resources\res\drawable\unit_frozen_slime.png
unit_fury.png,unit_fury,.png,68,68,837,False,enemy_other,True,Fury.java,,D:\Tinh\Guild Master - Idle Dungeons\resources\res\drawable\unit_fury.png
unit_gcss.png,unit_gcss,.png,68,68,1331,False,enemy_other,True,Gcss.java,,D:\Tinh\Guild Master - Idle Dungeons\resources\res\drawable\unit_gcss.png
unit_ghoul.png,unit_ghoul,.png,68,68,562,False,enemy_other,True,Ghoul.java,,D:\Tinh\Guild Master - Idle Dungeons\resources\res\drawable\unit_ghoul.png
unit_giant_moth.png,unit_giant_moth,.png,68,68,980,False,enemy_other,True,GiantMoth.java,,D:\Tinh\Guild Master - Idle Dungeons\resources\res\drawable\unit_giant_moth.png
unit_giant_spider.png,unit_giant_spider,.png,68,68,655,False,enemy_other,True,GiantSpider.java,,D:\Tinh\Guild Master - Idle Dungeons\resources\res\drawable\unit_giant_spider.png
unit_giant_tortoise.png,unit_giant_tortoise,.png,68,68,639,False,enemy_other,True,GiantTortoise.java,,D:\Tinh\Guild Master - Idle Dungeons\resources\res\drawable\unit_giant_tortoise.png
unit_golden_rabbit.png,unit_golden_rabbit,.png,68,68,470,False,resource_currency,True,GoldenRabbit.java,,D:\Tinh\Guild Master - Idle Dungeons\resources\res\drawable\unit_golden_rabbit.png
unit_golden_rider.png,unit_golden_rider,.png,68,68,1610,False,resource_currency,True,GoldenRider.java,,D:\Tinh\Guild Master - Idle Dungeons\resources\res\drawable\unit_golden_rider.png
unit_green_spitfang.png,unit_green_spitfang,.png,68,68,714,False,enemy_other,True,GreenSpitfang.java,,D:\Tinh\Guild Master - Idle Dungeons\resources\res\drawable\unit_green_spitfang.png
unit_guard.png,unit_guard,.png,68,68,660,False,adventurer_class,True,Guard.java,,D:\Tinh\Guild Master - Idle Dungeons\resources\res\drawable\unit_guard.png
unit_hailstorm.png,unit_hailstorm,.png,68,68,906,False,enemy_other,True,Hailstorm.java,,D:\Tinh\Guild Master - Idle Dungeons\resources\res\drawable\unit_hailstorm.png
unit_headless_knight.png,unit_headless_knight,.png,68,68,842,False,character,True,HeadlessKnight.java,,D:\Tinh\Guild Master - Idle Dungeons\resources\res\drawable\unit_headless_knight.png
unit_heavenly_cantor.png,unit_heavenly_cantor,.png,68,68,843,False,enemy_other,True,HeavenlyCantor.java,,D:\Tinh\Guild Master - Idle Dungeons\resources\res\drawable\unit_heavenly_cantor.png
unit_hellish_sculptor.png,unit_hellish_sculptor,.png,68,68,902,False,enemy_other,True,HellishSculptor.java,,D:\Tinh\Guild Master - Idle Dungeons\resources\res\drawable\unit_hellish_sculptor.png
unit_herald_kali.png,unit_herald_kali,.png,68,68,856,False,enemy_boss,True,HeraldKali.java,,D:\Tinh\Guild Master - Idle Dungeons\resources\res\drawable\unit_herald_kali.png
unit_herald_maya.png,unit_herald_maya,.png,68,68,856,False,enemy_boss,True,HeraldMaya.java,,D:\Tinh\Guild Master - Idle Dungeons\resources\res\drawable\unit_herald_maya.png
unit_herald_shoran.png,unit_herald_shoran,.png,68,68,855,False,enemy_boss,True,HeraldShoran.java,,D:\Tinh\Guild Master - Idle Dungeons\resources\res\drawable\unit_herald_shoran.png
unit_herald_xavi.png,unit_herald_xavi,.png,68,68,856,False,enemy_boss,True,HeraldXavi.java,,D:\Tinh\Guild Master - Idle Dungeons\resources\res\drawable\unit_herald_xavi.png
unit_holy_knight.png,unit_holy_knight,.png,68,68,729,False,character,True,HolyKnight.java,,D:\Tinh\Guild Master - Idle Dungeons\resources\res\drawable\unit_holy_knight.png
unit_horse_rider.png,unit_horse_rider,.png,68,68,930,False,adventurer_class,True,HorseRider.java,,D:\Tinh\Guild Master - Idle Dungeons\resources\res\drawable\unit_horse_rider.png
unit_huntress.png,unit_huntress,.png,68,68,777,False,enemy_other,True,Huntress.java,,D:\Tinh\Guild Master - Idle Dungeons\resources\res\drawable\unit_huntress.png
unit_hurricane.png,unit_hurricane,.png,68,68,967,False,enemy_other,True,Hurricane.java,,D:\Tinh\Guild Master - Idle Dungeons\resources\res\drawable\unit_hurricane.png
unit_ice_elemental.png,unit_ice_elemental,.png,68,68,2454,False,enemy_other,True,IceElemental.java,,D:\Tinh\Guild Master - Idle Dungeons\resources\res\drawable\unit_ice_elemental.png
unit_iconoclast.png,unit_iconoclast,.png,68,68,1601,False,enemy_other,True,Iconoclast.java,,D:\Tinh\Guild Master - Idle Dungeons\resources\res\drawable\unit_iconoclast.png
unit_imp.png,unit_imp,.png,68,68,566,False,enemy_beast,True,Imp.java; ImperialGuard.java; ImperialMage.java,,D:\Tinh\Guild Master - Idle Dungeons\resources\res\drawable\unit_imp.png
unit_imperial_guard.png,unit_imperial_guard,.png,68,68,1202,False,enemy_beast,True,ImperialGuard.java,,D:\Tinh\Guild Master - Idle Dungeons\resources\res\drawable\unit_imperial_guard.png
unit_imperial_mage.png,unit_imperial_mage,.png,68,68,1512,False,character,True,ImperialMage.java,,D:\Tinh\Guild Master - Idle Dungeons\resources\res\drawable\unit_imperial_mage.png
unit_infernal_lord.png,unit_infernal_lord,.png,68,68,1224,False,enemy_boss,True,InfernalLord.java,,D:\Tinh\Guild Master - Idle Dungeons\resources\res\drawable\unit_infernal_lord.png
unit_infernal_prince.png,unit_infernal_prince,.png,68,68,1395,False,enemy_other,True,InfernalPrince.java,,D:\Tinh\Guild Master - Idle Dungeons\resources\res\drawable\unit_infernal_prince.png
unit_inferno.png,unit_inferno,.png,68,68,4022,True,enemy_other,True,Inferno.java,,D:\Tinh\Guild Master - Idle Dungeons\resources\res\drawable\unit_inferno.png
unit_inquisitor.png,unit_inquisitor,.png,68,68,872,False,adventurer_class,True,Inquisitor.java,,D:\Tinh\Guild Master - Idle Dungeons\resources\res\drawable\unit_inquisitor.png
unit_insane_citizen.png,unit_insane_citizen,.png,68,68,634,False,enemy_humanoid,True,InsaneCitizen.java,,D:\Tinh\Guild Master - Idle Dungeons\resources\res\drawable\unit_insane_citizen.png
unit_insane_merchant.png,unit_insane_merchant,.png,68,68,703,False,misc_system,True,InsaneMerchant.java,,D:\Tinh\Guild Master - Idle Dungeons\resources\res\drawable\unit_insane_merchant.png
unit_insane_priest.png,unit_insane_priest,.png,68,68,1533,False,enemy_humanoid,True,InsanePriest.java,,D:\Tinh\Guild Master - Idle Dungeons\resources\res\drawable\unit_insane_priest.png
unit_iron_defender.png,unit_iron_defender,.png,68,68,701,False,adventurer_class,True,IronDefender.java,,D:\Tinh\Guild Master - Idle Dungeons\resources\res\drawable\unit_iron_defender.png
unit_iron_warden.png,unit_iron_warden,.png,68,68,595,False,adventurer_class,True,IronWarden.java,,D:\Tinh\Guild Master - Idle Dungeons\resources\res\drawable\unit_iron_warden.png
unit_juggernaut.png,unit_juggernaut,.png,68,68,841,False,adventurer_class,True,Juggernaut.java,,D:\Tinh\Guild Master - Idle Dungeons\resources\res\drawable\unit_juggernaut.png
unit_justiciar.png,unit_justiciar,.png,68,68,934,False,adventurer_class,True,Justiciar.java,,D:\Tinh\Guild Master - Idle Dungeons\resources\res\drawable\unit_justiciar.png
unit_kabar_the_rotten.png,unit_kabar_the_rotten,.png,68,68,1661,False,enemy_boss,True,KabarTheRotten.java,,D:\Tinh\Guild Master - Idle Dungeons\resources\res\drawable\unit_kabar_the_rotten.png
unit_kasimir_the_seer.png,unit_kasimir_the_seer,.png,68,68,828,False,enemy_boss,True,KasimirTheSeer.java,,D:\Tinh\Guild Master - Idle Dungeons\resources\res\drawable\unit_kasimir_the_seer.png
unit_king_aino.png,unit_king_aino,.png,68,68,773,False,enemy_boss,True,KingAino.java,,D:\Tinh\Guild Master - Idle Dungeons\resources\res\drawable\unit_king_aino.png
unit_kings_hand.png,unit_kings_hand,.png,68,68,848,False,enemy_other,True,KingsHand.java,,D:\Tinh\Guild Master - Idle Dungeons\resources\res\drawable\unit_kings_hand.png
unit_knight.png,unit_knight,.png,68,68,631,False,character,True,Knight.java,,D:\Tinh\Guild Master - Idle Dungeons\resources\res\drawable\unit_knight.png
unit_lazarus.png,unit_lazarus,.png,68,68,653,False,enemy_boss,True,Lazarus.java,,D:\Tinh\Guild Master - Idle Dungeons\resources\res\drawable\unit_lazarus.png
unit_legate_hadrian.png,unit_legate_hadrian,.png,68,68,741,False,enemy_boss,True,LegateHadrian.java,,D:\Tinh\Guild Master - Idle Dungeons\resources\res\drawable\unit_legate_hadrian.png
unit_lesser_titan.png,unit_lesser_titan,.png,68,68,558,False,enemy_other,True,LesserTitan.java,,D:\Tinh\Guild Master - Idle Dungeons\resources\res\drawable\unit_lesser_titan.png
unit_lich.png,unit_lich,.png,68,68,1504,False,enemy_undead,True,Lich.java,,D:\Tinh\Guild Master - Idle Dungeons\resources\res\drawable\unit_lich.png
unit_light_disciple.png,unit_light_disciple,.png,68,68,677,False,adventurer_class,True,LightDisciple.java,,D:\Tinh\Guild Master - Idle Dungeons\resources\res\drawable\unit_light_disciple.png
unit_lord_of_decay.png,unit_lord_of_decay,.png,68,68,4045,True,enemy_other,True,LorfOfDecay.java,,D:\Tinh\Guild Master - Idle Dungeons\resources\res\drawable\unit_lord_of_decay.png
unit_lorekeeper.png,unit_lorekeeper,.png,68,68,832,False,adventurer_class,True,Lorekeeper.java,,D:\Tinh\Guild Master - Idle Dungeons\resources\res\drawable\unit_lorekeeper.png
unit_lost_miner.png,unit_lost_miner,.png,68,68,840,False,enemy_humanoid,True,LostMiner.java,,D:\Tinh\Guild Master - Idle Dungeons\resources\res\drawable\unit_lost_miner.png
unit_magic_armor.png,unit_magic_armor,.png,68,68,675,False,icon_nav,True,MagicArmor.java,,D:\Tinh\Guild Master - Idle Dungeons\resources\res\drawable\unit_magic_armor.png
unit_marksman.png,unit_marksman,.png,68,68,755,False,adventurer_class,True,Marksman.java,,D:\Tinh\Guild Master - Idle Dungeons\resources\res\drawable\unit_marksman.png
unit_meat_carver.png,unit_meat_carver,.png,68,68,770,False,enemy_other,True,MeatCarver.java,,D:\Tinh\Guild Master - Idle Dungeons\resources\res\drawable\unit_meat_carver.png
unit_melting_elder.png,unit_melting_elder,.png,68,68,2951,True,enemy_other,True,MeltingElder.java,,D:\Tinh\Guild Master - Idle Dungeons\resources\res\drawable\unit_melting_elder.png
unit_mimic.png,unit_mimic,.png,68,68,911,False,enemy_other,True,Mimic.java,,D:\Tinh\Guild Master - Idle Dungeons\resources\res\drawable\unit_mimic.png
unit_minstrel.png,unit_minstrel,.png,68,68,701,False,adventurer_class,True,Minstrel.java,,D:\Tinh\Guild Master - Idle Dungeons\resources\res\drawable\unit_minstrel.png
unit_mysterious_tentacle.png,unit_mysterious_tentacle,.png,68,68,621,False,enemy_other,True,MysteriousTentacle.java,,D:\Tinh\Guild Master - Idle Dungeons\resources\res\drawable\unit_mysterious_tentacle.png
unit_necrobot.png,unit_necrobot,.png,68,68,569,False,enemy_undead,True,Necrobot.java,,D:\Tinh\Guild Master - Idle Dungeons\resources\res\drawable\unit_necrobot.png
unit_necrolith.png,unit_necrolith,.png,68,68,510,False,enemy_undead,True,Necrolith.java,,D:\Tinh\Guild Master - Idle Dungeons\resources\res\drawable\unit_necrolith.png
unit_necromancer.png,unit_necromancer,.png,68,68,1258,False,enemy_undead,True,Necromancer.java,,D:\Tinh\Guild Master - Idle Dungeons\resources\res\drawable\unit_necromancer.png
unit_nexus_researcher.png,unit_nexus_researcher,.png,68,68,755,False,enemy_humanoid,True,NexusResearcher.java,,D:\Tinh\Guild Master - Idle Dungeons\resources\res\drawable\unit_nexus_researcher.png
unit_night_blade.png,unit_night_blade,.png,68,68,781,False,enemy_undead,True,NightBlade.java,,D:\Tinh\Guild Master - Idle Dungeons\resources\res\drawable\unit_night_blade.png
unit_night_lament.png,unit_night_lament,.png,68,68,1783,False,enemy_undead,True,NightLament.java,,D:\Tinh\Guild Master - Idle Dungeons\resources\res\drawable\unit_night_lament.png
unit_night_specter.png,unit_night_specter,.png,68,68,827,False,enemy_undead,True,NightSpecter.java,,D:\Tinh\Guild Master - Idle Dungeons\resources\res\drawable\unit_night_specter.png
unit_night_terror.png,unit_night_terror,.png,68,68,845,False,enemy_undead,True,NightTerror.java,,D:\Tinh\Guild Master - Idle Dungeons\resources\res\drawable\unit_night_terror.png
unit_night_veil.png,unit_night_veil,.png,68,68,1091,False,enemy_undead,True,NightVeil.java,,D:\Tinh\Guild Master - Idle Dungeons\resources\res\drawable\unit_night_veil.png
unit_obsidian_golem.png,unit_obsidian_golem,.png,68,68,594,False,enemy_other,True,ObsidianGolem.java,,D:\Tinh\Guild Master - Idle Dungeons\resources\res\drawable\unit_obsidian_golem.png
unit_oculus.png,unit_oculus,.png,68,68,914,False,enemy_other,True,Oculus.java,,D:\Tinh\Guild Master - Idle Dungeons\resources\res\drawable\unit_oculus.png
unit_overlord.png,unit_overlord,.png,68,68,870,False,enemy_other,True,Overlord.java,,D:\Tinh\Guild Master - Idle Dungeons\resources\res\drawable\unit_overlord.png
unit_paladin.png,unit_paladin,.png,68,68,722,False,character,True,Paladin.java,,D:\Tinh\Guild Master - Idle Dungeons\resources\res\drawable\unit_paladin.png
unit_pale_hermit.png,unit_pale_hermit,.png,68,68,569,False,enemy_other,True,PaleHermit.java,,D:\Tinh\Guild Master - Idle Dungeons\resources\res\drawable\unit_pale_hermit.png
unit_phantasm.png,unit_phantasm,.png,68,68,689,False,enemy_undead,True,Phantasm.java,,D:\Tinh\Guild Master - Idle Dungeons\resources\res\drawable\unit_phantasm.png
unit_phoenix.png,unit_phoenix,.png,68,68,1347,False,enemy_beast,True,Phoenix.java,,D:\Tinh\Guild Master - Idle Dungeons\resources\res\drawable\unit_phoenix.png
unit_pirate.png,unit_pirate,.png,68,68,770,False,enemy_humanoid,True,Pirate.java; PirateCaptain.java; PirateLieutenant.java,,D:\Tinh\Guild Master - Idle Dungeons\resources\res\drawable\unit_pirate.png
unit_pirate_captain.png,unit_pirate_captain,.png,68,68,858,False,enemy_humanoid,True,PirateCaptain.java,,D:\Tinh\Guild Master - Idle Dungeons\resources\res\drawable\unit_pirate_captain.png
unit_pirate_lieutenant.png,unit_pirate_lieutenant,.png,68,68,787,False,enemy_humanoid,True,PirateLieutenant.java,,D:\Tinh\Guild Master - Idle Dungeons\resources\res\drawable\unit_pirate_lieutenant.png
unit_plague_spreader.png,unit_plague_spreader,.png,68,68,856,False,enemy_humanoid,True,PlagueSpreader.java,,D:\Tinh\Guild Master - Idle Dungeons\resources\res\drawable\unit_plague_spreader.png
unit_poison_bow.png,unit_poison_bow,.png,68,68,791,False,item_equipment,True,PoisonBow.java,,D:\Tinh\Guild Master - Idle Dungeons\resources\res\drawable\unit_poison_bow.png
unit_primeval_wurm.png,unit_primeval_wurm,.png,68,68,1010,False,enemy_other,True,PrimevalWurm.java,,D:\Tinh\Guild Master - Idle Dungeons\resources\res\drawable\unit_primeval_wurm.png
unit_primordial_titan.png,unit_primordial_titan,.png,68,68,723,False,enemy_boss,True,PrimordialTitan.java,,D:\Tinh\Guild Master - Idle Dungeons\resources\res\drawable\unit_primordial_titan.png
unit_pterodactyl.png,unit_pterodactyl,.png,68,68,737,False,enemy_beast,True,Pterodactyl.java,,D:\Tinh\Guild Master - Idle Dungeons\resources\res\drawable\unit_pterodactyl.png
unit_radiant_elder.png,unit_radiant_elder,.png,68,68,1020,False,enemy_other,True,RadiantElder.java,,D:\Tinh\Guild Master - Idle Dungeons\resources\res\drawable\unit_radiant_elder.png
unit_red_archmage.png,unit_red_archmage,.png,68,68,820,False,character,True,RedArchmage.java,,D:\Tinh\Guild Master - Idle Dungeons\resources\res\drawable\unit_red_archmage.png
unit_red_elder.png,unit_red_elder,.png,68,68,2790,True,enemy_other,True,RedElder.java,,D:\Tinh\Guild Master - Idle Dungeons\resources\res\drawable\unit_red_elder.png
unit_red_mage.png,unit_red_mage,.png,68,68,818,False,character,True,RedMage.java,,D:\Tinh\Guild Master - Idle Dungeons\resources\res\drawable\unit_red_mage.png
unit_red_stalker.png,unit_red_stalker,.png,68,68,717,False,enemy_other,True,RedStalker.java,,D:\Tinh\Guild Master - Idle Dungeons\resources\res\drawable\unit_red_stalker.png
unit_reinforced_door.png,unit_reinforced_door,.png,68,68,831,False,enemy_other,True,ReinforcedDoor.java,,D:\Tinh\Guild Master - Idle Dungeons\resources\res\drawable\unit_reinforced_door.png
unit_rogue.png,unit_rogue,.png,68,68,580,False,character,True,Rogue.java,,D:\Tinh\Guild Master - Idle Dungeons\resources\res\drawable\unit_rogue.png
unit_royal_captain.png,unit_royal_captain,.png,68,68,815,False,adventurer_class,True,RoyalCaptain.java,,D:\Tinh\Guild Master - Idle Dungeons\resources\res\drawable\unit_royal_captain.png
unit_royal_guard.png,unit_royal_guard,.png,68,68,729,False,adventurer_class,True,RoyalGuard.java,,D:\Tinh\Guild Master - Idle Dungeons\resources\res\drawable\unit_royal_guard.png
unit_royal_swordman.png,unit_royal_swordman,.png,68,68,829,False,item_equipment,True,RoyalSwordsman.java,,D:\Tinh\Guild Master - Idle Dungeons\resources\res\drawable\unit_royal_swordman.png
unit_sand_demon.png,unit_sand_demon,.png,68,68,792,False,enemy_other,True,SandDemon.java,,D:\Tinh\Guild Master - Idle Dungeons\resources\res\drawable\unit_sand_demon.png
unit_sand_statue.png,unit_sand_statue,.png,68,68,662,False,enemy_other,True,SandStatue.java,,D:\Tinh\Guild Master - Idle Dungeons\resources\res\drawable\unit_sand_statue.png
unit_sand_vulture.png,unit_sand_vulture,.png,68,68,686,False,enemy_other,True,SandVulture.java,,D:\Tinh\Guild Master - Idle Dungeons\resources\res\drawable\unit_sand_vulture.png
unit_scorching_elder.png,unit_scorching_elder,.png,68,68,3252,True,enemy_other,True,ScorchingElder.java,,D:\Tinh\Guild Master - Idle Dungeons\resources\res\drawable\unit_scorching_elder.png
unit_scourge.png,unit_scourge,.png,68,68,878,False,enemy_other,True,Scourge.java,,D:\Tinh\Guild Master - Idle Dungeons\resources\res\drawable\unit_scourge.png
unit_sha_kire_first_swordsman.png,unit_sha_kire_first_swordsman,.png,68,68,829,False,item_equipment,True,ShaKireFirstSwordsman.java,,D:\Tinh\Guild Master - Idle Dungeons\resources\res\drawable\unit_sha_kire_first_swordsman.png
unit_sha_the_hidden_god.png,unit_sha_the_hidden_god,.png,68,68,1783,False,enemy_boss,True,ShaTheHiddenGod.java,,D:\Tinh\Guild Master - Idle Dungeons\resources\res\drawable\unit_sha_the_hidden_god.png
unit_shadow_crawler.png,unit_shadow_crawler,.png,68,68,699,False,enemy_humanoid,True,ShadowCrawler.java,,D:\Tinh\Guild Master - Idle Dungeons\resources\res\drawable\unit_shadow_crawler.png
unit_shadow_dancer.png,unit_shadow_dancer,.png,68,68,745,False,enemy_humanoid,True,ShadowDancer.java,,D:\Tinh\Guild Master - Idle Dungeons\resources\res\drawable\unit_shadow_dancer.png
unit_shahuri_archer.png,unit_shahuri_archer,.png,68,68,789,False,enemy_humanoid,True,ShahuriArcher.java,,D:\Tinh\Guild Master - Idle Dungeons\resources\res\drawable\unit_shahuri_archer.png
unit_shahuri_mage.png,unit_shahuri_mage,.png,68,68,726,False,character,True,ShahuriMage.java,,D:\Tinh\Guild Master - Idle Dungeons\resources\res\drawable\unit_shahuri_mage.png
unit_shahuri_warrior.png,unit_shahuri_warrior,.png,68,68,683,False,character,True,ShahuriWarrior.java,,D:\Tinh\Guild Master - Idle Dungeons\resources\res\drawable\unit_shahuri_warrior.png
unit_silver_tongue.png,unit_silver_tongue,.png,68,68,674,False,adventurer_class,True,SilverTongue.java,,D:\Tinh\Guild Master - Idle Dungeons\resources\res\drawable\unit_silver_tongue.png
unit_singularity.png,unit_singularity,.png,68,68,644,False,enemy_other,True,Singularity.java,,D:\Tinh\Guild Master - Idle Dungeons\resources\res\drawable\unit_singularity.png
unit_skeleton.png,unit_skeleton,.png,68,68,531,False,enemy_undead,True,Skeleton.java,,D:\Tinh\Guild Master - Idle Dungeons\resources\res\drawable\unit_skeleton.png
unit_slime.png,unit_slime,.png,68,68,348,False,enemy_beast,True,Slime.java; SlimeKing.java,,D:\Tinh\Guild Master - Idle Dungeons\resources\res\drawable\unit_slime.png
unit_slime_king.png,unit_slime_king,.png,68,68,774,False,enemy_boss,True,SlimeKing.java,,D:\Tinh\Guild Master - Idle Dungeons\resources\res\drawable\unit_slime_king.png
unit_smoldering_titan.png,unit_smoldering_titan,.png,68,68,1207,False,item_equipment,True,SmolderingTitan.java,,D:\Tinh\Guild Master - Idle Dungeons\resources\res\drawable\unit_smoldering_titan.png
unit_snow_wyvern.png,unit_snow_wyvern,.png,68,68,646,False,enemy_other,True,SnowWyvern.java,,D:\Tinh\Guild Master - Idle Dungeons\resources\res\drawable\unit_snow_wyvern.png
unit_spire_acolyte.png,unit_spire_acolyte,.png,68,68,821,False,enemy_humanoid,True,SpireAcolyte.java,,D:\Tinh\Guild Master - Idle Dungeons\resources\res\drawable\unit_spire_acolyte.png
unit_spire_initiate.png,unit_spire_initiate,.png,68,68,758,False,enemy_humanoid,True,SpireInitiate.java,,D:\Tinh\Guild Master - Idle Dungeons\resources\res\drawable\unit_spire_initiate.png
unit_spire_leader.png,unit_spire_leader,.png,68,68,888,False,enemy_humanoid,True,SpireLeader.java,,D:\Tinh\Guild Master - Idle Dungeons\resources\res\drawable\unit_spire_leader.png
unit_spire_sage.png,unit_spire_sage,.png,68,68,900,False,enemy_humanoid,True,SpireSage.java,,D:\Tinh\Guild Master - Idle Dungeons\resources\res\drawable\unit_spire_sage.png
unit_spirit_engraver.png,unit_spirit_engraver,.png,68,68,1069,False,enemy_other,True,SpiritEngraver.java,,D:\Tinh\Guild Master - Idle Dungeons\resources\res\drawable\unit_spirit_engraver.png
unit_spitfang_rider.png,unit_spitfang_rider,.png,68,68,1052,False,enemy_other,True,SpitfangRider.java,,D:\Tinh\Guild Master - Idle Dungeons\resources\res\drawable\unit_spitfang_rider.png
unit_stone_shaman.png,unit_stone_shaman,.png,68,68,1021,False,enemy_other,True,StoneShaman.java,,D:\Tinh\Guild Master - Idle Dungeons\resources\res\drawable\unit_stone_shaman.png
unit_sureshot.png,unit_sureshot,.png,68,68,847,False,adventurer_class,True,Sureshot.java,,D:\Tinh\Guild Master - Idle Dungeons\resources\res\drawable\unit_sureshot.png
unit_tekeli_li_first_apostle.png,unit_tekeli_li_first_apostle,.png,64,64,593,False,enemy_boss,True,TekeliLiFirstApostle.java,,D:\Tinh\Guild Master - Idle Dungeons\resources\res\drawable\unit_tekeli_li_first_apostle.png
unit_tempest.png,unit_tempest,.png,68,68,935,False,enemy_other,True,Tempest.java,,D:\Tinh\Guild Master - Idle Dungeons\resources\res\drawable\unit_tempest.png
unit_templar.png,unit_templar,.png,68,68,750,False,adventurer_class,True,Templar.java,,D:\Tinh\Guild Master - Idle Dungeons\resources\res\drawable\unit_templar.png
unit_terrorsaurus.png,unit_terrorsaurus,.png,68,68,908,False,enemy_other,True,Terrorsaurus.java,,D:\Tinh\Guild Master - Idle Dungeons\resources\res\drawable\unit_terrorsaurus.png
unit_the_ancient.png,unit_the_ancient,.png,68,68,744,False,enemy_boss,True,TheAncient.java,,D:\Tinh\Guild Master - Idle Dungeons\resources\res\drawable\unit_the_ancient.png
unit_the_exiled.png,unit_the_exiled,.png,68,68,593,False,enemy_boss,True,TheExiled.java,,D:\Tinh\Guild Master - Idle Dungeons\resources\res\drawable\unit_the_exiled.png
unit_the_machine.png,unit_the_machine,.png,68,68,1009,False,enemy_boss,True,TheMachine.java,,D:\Tinh\Guild Master - Idle Dungeons\resources\res\drawable\unit_the_machine.png
unit_thief.png,unit_thief,.png,68,68,648,False,enemy_humanoid,True,Thief.java,,D:\Tinh\Guild Master - Idle Dungeons\resources\res\drawable\unit_thief.png
unit_thorvus.png,unit_thorvus,.png,68,68,1200,False,enemy_boss,True,Thorvus.java,,D:\Tinh\Guild Master - Idle Dungeons\resources\res\drawable\unit_thorvus.png
unit_titan.png,unit_titan,.png,68,68,882,False,enemy_other,True,Titan.java,,D:\Tinh\Guild Master - Idle Dungeons\resources\res\drawable\unit_titan.png
unit_toxic_stalker.png,unit_toxic_stalker,.png,68,68,781,False,icon_nav,True,ToxicStalker.java,,D:\Tinh\Guild Master - Idle Dungeons\resources\res\drawable\unit_toxic_stalker.png
unit_treant.png,unit_treant,.png,68,68,552,False,enemy_beast,True,Treant.java,,D:\Tinh\Guild Master - Idle Dungeons\resources\res\drawable\unit_treant.png
unit_trickster.png,unit_trickster,.png,68,68,638,False,adventurer_class,True,Trickster.java,,D:\Tinh\Guild Master - Idle Dungeons\resources\res\drawable\unit_trickster.png
unit_troll.png,unit_troll,.png,68,68,791,False,enemy_beast,True,Troll.java; TrollShaman.java; TrollWarrior.java; TrollWhelp.java,,D:\Tinh\Guild Master - Idle Dungeons\resources\res\drawable\unit_troll.png
unit_troll_shaman.png,unit_troll_shaman,.png,68,68,795,False,enemy_beast,True,TrollShaman.java,,D:\Tinh\Guild Master - Idle Dungeons\resources\res\drawable\unit_troll_shaman.png
unit_troll_warrior.png,unit_troll_warrior,.png,68,68,847,False,character,True,TrollWarrior.java,,D:\Tinh\Guild Master - Idle Dungeons\resources\res\drawable\unit_troll_warrior.png
unit_troll_whelp.png,unit_troll_whelp,.png,68,68,604,False,enemy_beast,True,TrollWhelp.java,,D:\Tinh\Guild Master - Idle Dungeons\resources\res\drawable\unit_troll_whelp.png
unit_tyrant.png,unit_tyrant,.png,68,68,851,False,enemy_other,True,Tyrant.java,,D:\Tinh\Guild Master - Idle Dungeons\resources\res\drawable\unit_tyrant.png
unit_ultraslime.png,unit_ultraslime,.png,68,68,587,False,enemy_other,True,Ultraslime.java,,D:\Tinh\Guild Master - Idle Dungeons\resources\res\drawable\unit_ultraslime.png
unit_unchained.png,unit_unchained,.png,68,68,982,False,enemy_other,True,Unchained.java,,D:\Tinh\Guild Master - Idle Dungeons\resources\res\drawable\unit_unchained.png
unit_undead.png,unit_undead,.png,68,68,612,False,enemy_undead,True,Undead.java; UndeadArcher.java; UndeadGeneral.java; UndeadWarlord.java,,D:\Tinh\Guild Master - Idle Dungeons\resources\res\drawable\unit_undead.png
unit_undead_archer.png,unit_undead_archer,.png,68,68,606,False,enemy_undead,True,UndeadArcher.java,,D:\Tinh\Guild Master - Idle Dungeons\resources\res\drawable\unit_undead_archer.png
unit_undead_general.png,unit_undead_general,.png,68,68,822,False,enemy_undead,True,UndeadGeneral.java,,D:\Tinh\Guild Master - Idle Dungeons\resources\res\drawable\unit_undead_general.png
unit_undead_warlord.png,unit_undead_warlord,.png,68,68,785,False,enemy_undead,True,UndeadWarlord.java,,D:\Tinh\Guild Master - Idle Dungeons\resources\res\drawable\unit_undead_warlord.png
unit_undying_bastion.png,unit_undying_bastion,.png,68,68,915,False,enemy_other,True,UndyingBastion.java,,D:\Tinh\Guild Master - Idle Dungeons\resources\res\drawable\unit_undying_bastion.png
unit_vampire_bat.png,unit_vampire_bat,.png,68,68,525,False,enemy_undead,True,VampireBat.java,,D:\Tinh\Guild Master - Idle Dungeons\resources\res\drawable\unit_vampire_bat.png
unit_void_slime.png,unit_void_slime,.png,68,68,1657,True,enemy_other,True,VoidSlime.java,,D:\Tinh\Guild Master - Idle Dungeons\resources\res\drawable\unit_void_slime.png
unit_warrior.png,unit_warrior,.png,68,68,706,False,character,True,Warrior.java,,D:\Tinh\Guild Master - Idle Dungeons\resources\res\drawable\unit_warrior.png
unit_whisper.png,unit_whisper,.png,68,68,942,False,enemy_other,True,Whisper.java,,D:\Tinh\Guild Master - Idle Dungeons\resources\res\drawable\unit_whisper.png
unit_white_archmage.png,unit_white_archmage,.png,68,68,872,False,character,True,WhiteArchmage.java,,D:\Tinh\Guild Master - Idle Dungeons\resources\res\drawable\unit_white_archmage.png
unit_white_elder.png,unit_white_elder,.png,68,68,926,False,enemy_other,True,WhiteElder.java,,D:\Tinh\Guild Master - Idle Dungeons\resources\res\drawable\unit_white_elder.png
unit_white_mage.png,unit_white_mage,.png,68,68,967,False,character,True,WhiteMage.java,,D:\Tinh\Guild Master - Idle Dungeons\resources\res\drawable\unit_white_mage.png
unit_wicked_tribute.png,unit_wicked_tribute,.png,68,68,734,False,enemy_other,True,WickedTribute.java,,D:\Tinh\Guild Master - Idle Dungeons\resources\res\drawable\unit_wicked_tribute.png
unit_will_o_wisp.png,unit_will_o_wisp,.png,68,68,2294,True,enemy_other,True,WillOWisp.java,,D:\Tinh\Guild Master - Idle Dungeons\resources\res\drawable\unit_will_o_wisp.png
unit_wizard_of_larox.png,unit_wizard_of_larox,.png,68,68,807,False,enemy_other,True,WizardOfLarox.java,,D:\Tinh\Guild Master - Idle Dungeons\resources\res\drawable\unit_wizard_of_larox.png
unit_wolf.png,unit_wolf,.png,68,68,580,False,enemy_beast,True,TutorialWolf.java; Wolf.java; WolfRider.java,,D:\Tinh\Guild Master - Idle Dungeons\resources\res\drawable\unit_wolf.png
unit_wolf_rider.png,unit_wolf_rider,.png,68,68,983,False,enemy_beast,True,WolfRider.java,,D:\Tinh\Guild Master - Idle Dungeons\resources\res\drawable\unit_wolf_rider.png
unit_worg_rider.png,unit_worg_rider,.png,68,68,1024,False,enemy_other,True,WorgRider.java,,D:\Tinh\Guild Master - Idle Dungeons\resources\res\drawable\unit_worg_rider.png
unit_wound_weaver.png,unit_wound_weaver,.png,68,68,871,False,enemy_other,True,WoundsWeaver.java,,D:\Tinh\Guild Master - Idle Dungeons\resources\res\drawable\unit_wound_weaver.png
unit_wraith.png,unit_wraith,.png,68,68,1395,False,enemy_undead,True,Wraith.java,,D:\Tinh\Guild Master - Idle Dungeons\resources\res\drawable\unit_wraith.png
unit_wurm.png,unit_wurm,.png,68,68,765,False,enemy_beast,True,Wurm.java,,D:\Tinh\Guild Master - Idle Dungeons\resources\res\drawable\unit_wurm.png
unit_wyrm_rider.png,unit_wyrm_rider,.png,68,68,1015,False,enemy_other,True,WyrmRider.java,,D:\Tinh\Guild Master - Idle Dungeons\resources\res\drawable\unit_wyrm_rider.png
unit_zombie.png,unit_zombie,.png,68,68,657,False,enemy_undead,True,Zombie.java,,D:\Tinh\Guild Master - Idle Dungeons\resources\res\drawable\unit_zombie.png
unknown.png,unknown,.png,64,64,211,True,ui_element,True,DialogEntityDetail.java; UIUtils.java,,D:\Tinh\Guild Master - Idle Dungeons\resources\res\drawable\unknown.png
unstable_gem.png,unstable_gem,.png,32,32,616,True,resource_currency,True,UnstableGem.java,,D:\Tinh\Guild Master - Idle Dungeons\resources\res\drawable\unstable_gem.png
unstable_staff.png,unstable_staff,.png,32,32,742,True,item_equipment,True,UnstableStaff.java,,D:\Tinh\Guild Master - Idle Dungeons\resources\res\drawable\unstable_staff.png
upgrade_market_queue.png,upgrade_market_queue,.png,32,32,744,True,misc_system,True,UpgradeMarketQueue.java,,D:\Tinh\Guild Master - Idle Dungeons\resources\res\drawable\upgrade_market_queue.png
upgrade_market_time.png,upgrade_market_time,.png,32,32,742,True,misc_system,True,UpgradeMarketTime.java,,D:\Tinh\Guild Master - Idle Dungeons\resources\res\drawable\upgrade_market_time.png
upgrade_quarters.png,upgrade_quarters,.png,32,32,684,True,misc_system,True,UpgradeQuarters.java,,D:\Tinh\Guild Master - Idle Dungeons\resources\res\drawable\upgrade_quarters.png
upgrade_shelter.png,upgrade_shelter,.png,32,32,654,True,misc_system,True,UpgradeShelter.java,,D:\Tinh\Guild Master - Idle Dungeons\resources\res\drawable\upgrade_shelter.png
upgrade_storage.png,upgrade_storage,.png,32,32,615,True,misc_system,True,UpgradeStorage.java,,D:\Tinh\Guild Master - Idle Dungeons\resources\res\drawable\upgrade_storage.png
upgrade_tavern_capacity.png,upgrade_tavern_capacity,.png,32,32,719,True,misc_system,True,UpgradeTavernCapacity.java,,D:\Tinh\Guild Master - Idle Dungeons\resources\res\drawable\upgrade_tavern_capacity.png
upgrade_tavern_time.png,upgrade_tavern_time,.png,32,32,727,True,misc_system,True,UpgradeTavernTime.java,,D:\Tinh\Guild Master - Idle Dungeons\resources\res\drawable\upgrade_tavern_time.png
upgrade_workshop_queue.png,upgrade_workshop_queue,.png,32,32,678,True,misc_system,True,UpgradeWorkshopQueue.java,,D:\Tinh\Guild Master - Idle Dungeons\resources\res\drawable\upgrade_workshop_queue.png
upgrade_workshop_time.png,upgrade_workshop_time,.png,32,32,680,True,misc_system,True,UpgradeWorkshopTime.java,,D:\Tinh\Guild Master - Idle Dungeons\resources\res\drawable\upgrade_workshop_time.png
vampire_bow.png,vampire_bow,.png,32,32,250,True,item_equipment,True,VampireBow.java,,D:\Tinh\Guild Master - Idle Dungeons\resources\res\drawable\vampire_bow.png
vampire_dagger.png,vampire_dagger,.png,32,32,375,True,item_weapon_armor,True,VampireDagger.java,,D:\Tinh\Guild Master - Idle Dungeons\resources\res\drawable\vampire_dagger.png
vampire_scepter.png,vampire_scepter,.png,32,32,273,True,item_weapon_armor,True,VampireScepter.java,,D:\Tinh\Guild Master - Idle Dungeons\resources\res\drawable\vampire_scepter.png
vampire_sword.png,vampire_sword,.png,32,32,355,True,item_equipment,True,VampireSword.java,,D:\Tinh\Guild Master - Idle Dungeons\resources\res\drawable\vampire_sword.png
veil_breaker.png,veil_breaker,.png,32,32,459,True,item_misc,True,VeilBreaker.java,,D:\Tinh\Guild Master - Idle Dungeons\resources\res\drawable\veil_breaker.png
veil_shatterer.png,veil_shatterer,.png,32,32,427,True,item_misc,True,VeilShatterer.java,,D:\Tinh\Guild Master - Idle Dungeons\resources\res\drawable\veil_shatterer.png
verdant_blade.png,verdant_blade,.png,32,32,538,True,item_misc,True,VerdantBlade.java,,D:\Tinh\Guild Master - Idle Dungeons\resources\res\drawable\verdant_blade.png
verdant_boots.png,verdant_boots,.png,32,32,890,True,item_equipment,True,VerdantBoots.java,,D:\Tinh\Guild Master - Idle Dungeons\resources\res\drawable\verdant_boots.png
verdant_bow.png,verdant_bow,.png,32,32,568,True,item_equipment,True,VerdantBow.java,,D:\Tinh\Guild Master - Idle Dungeons\resources\res\drawable\verdant_bow.png
verdant_gloves.png,verdant_gloves,.png,32,32,799,True,item_equipment,True,VerdantGloves.java,,D:\Tinh\Guild Master - Idle Dungeons\resources\res\drawable\verdant_gloves.png
verdant_helm.png,verdant_helm,.png,32,32,783,True,item_misc,True,VerdantHelm.java,,D:\Tinh\Guild Master - Idle Dungeons\resources\res\drawable\verdant_helm.png
vinegar.png,vinegar,.png,32,32,329,True,item_consumable,True,Vinegar.java,,D:\Tinh\Guild Master - Idle Dungeons\resources\res\drawable\vinegar.png
void_armor.png,void_armor,.png,32,32,1197,True,item_equipment,True,VoidArmor.java,,D:\Tinh\Guild Master - Idle Dungeons\resources\res\drawable\void_armor.png
void_core.png,void_core,.png,32,32,444,True,item_material,True,VoidCore.java,,D:\Tinh\Guild Master - Idle Dungeons\resources\res\drawable\void_core.png
void_crusher.png,void_crusher,.png,32,32,667,True,item_misc,True,VoidCrusher.java,,D:\Tinh\Guild Master - Idle Dungeons\resources\res\drawable\void_crusher.png
void_pendant.png,void_pendant,.png,32,32,653,True,item_weapon_armor,True,VoidPendant.java,,D:\Tinh\Guild Master - Idle Dungeons\resources\res\drawable\void_pendant.png
voltaic_shock.png,voltaic_shock,.png,32,32,613,True,icon_nav,True,VoltaicShock.java,,D:\Tinh\Guild Master - Idle Dungeons\resources\res\drawable\voltaic_shock.png
voodoo_doll.png,voodoo_doll,.png,32,32,1235,True,item_misc,True,VoodooDoll.java,,D:\Tinh\Guild Master - Idle Dungeons\resources\res\drawable\voodoo_doll.png
warden_belt.png,warden_belt,.png,32,32,458,True,item_weapon_armor,True,WardenBelt.java,,D:\Tinh\Guild Master - Idle Dungeons\resources\res\drawable\warden_belt.png
warlord_skull.png,warlord_skull,.png,32,32,1386,True,item_misc,True,WarlordSkull.java,,D:\Tinh\Guild Master - Idle Dungeons\resources\res\drawable\warlord_skull.png
werewolf_fang.png,werewolf_fang,.png,32,32,676,True,item_material,True,WerewolfFang.java,,D:\Tinh\Guild Master - Idle Dungeons\resources\res\drawable\werewolf_fang.png
white_hair.png,white_hair,.png,32,32,210,True,item_misc,True,WhiteHair.java,,D:\Tinh\Guild Master - Idle Dungeons\resources\res\drawable\white_hair.png
white_slime.png,white_slime,.png,32,32,375,True,item_misc,True,WhiteSlime.java,,D:\Tinh\Guild Master - Idle Dungeons\resources\res\drawable\white_slime.png
wicked_scepter.png,wicked_scepter,.png,32,32,643,True,item_weapon_armor,True,WickedScepter.java,,D:\Tinh\Guild Master - Idle Dungeons\resources\res\drawable\wicked_scepter.png
wicked_seal.png,wicked_seal,.png,32,32,230,True,item_misc,True,WickedSeal.java,,D:\Tinh\Guild Master - Idle Dungeons\resources\res\drawable\wicked_seal.png
wing_fabric.png,wing_fabric,.png,32,32,430,True,item_misc,True,WingFabric.java,,D:\Tinh\Guild Master - Idle Dungeons\resources\res\drawable\wing_fabric.png
winter_boots.png,winter_boots,.png,32,32,829,True,item_equipment,True,WinterBoots.java,,D:\Tinh\Guild Master - Idle Dungeons\resources\res\drawable\winter_boots.png
winter_cape.png,winter_cape,.png,32,32,592,True,item_weapon_armor,True,WinterCape.java,,D:\Tinh\Guild Master - Idle Dungeons\resources\res\drawable\winter_cape.png
winter_gloves.png,winter_gloves,.png,32,32,604,True,item_equipment,True,WinterGloves.java,,D:\Tinh\Guild Master - Idle Dungeons\resources\res\drawable\winter_gloves.png
winter_helm.png,winter_helm,.png,32,32,738,True,item_misc,True,WinterHelm.java,,D:\Tinh\Guild Master - Idle Dungeons\resources\res\drawable\winter_helm.png
winter_shield.png,winter_shield,.png,32,32,922,True,item_equipment,True,WinterShield.java,,D:\Tinh\Guild Master - Idle Dungeons\resources\res\drawable\winter_shield.png
wintercloth.png,wintercloth,.png,32,32,555,True,item_misc,True,Wintercloth.java,,D:\Tinh\Guild Master - Idle Dungeons\resources\res\drawable\wintercloth.png
winterwood.png,winterwood,.png,32,32,523,True,item_misc,True,Winterwood.java; WinterwoodBow.java; WinterwoodStaff.java,,D:\Tinh\Guild Master - Idle Dungeons\resources\res\drawable\winterwood.png
winterwood_bow.png,winterwood_bow,.png,64,64,329,False,item_equipment,True,WinterwoodBow.java,,D:\Tinh\Guild Master - Idle Dungeons\resources\res\drawable\winterwood_bow.png
winterwood_staff.png,winterwood_staff,.png,32,32,454,True,item_equipment,True,WinterwoodStaff.java,,D:\Tinh\Guild Master - Idle Dungeons\resources\res\drawable\winterwood_staff.png
wood.png,wood,.png,64,64,334,False,item_misc,True,Wood.java; WoodenBow.java; WoodenBuckler.java,,D:\Tinh\Guild Master - Idle Dungeons\resources\res\drawable\wood.png
wooden_bow.png,wooden_bow,.png,64,64,360,False,item_equipment,True,WoodenBow.java,,D:\Tinh\Guild Master - Idle Dungeons\resources\res\drawable\wooden_bow.png
wooden_buckler.png,wooden_buckler,.png,32,32,454,True,item_misc,True,WoodenBuckler.java,,D:\Tinh\Guild Master - Idle Dungeons\resources\res\drawable\wooden_buckler.png
wurm_blood.png,wurm_blood,.png,32,32,923,True,item_material,True,WurmBlood.java,,D:\Tinh\Guild Master - Idle Dungeons\resources\res\drawable\wurm_blood.png
wurm_scale.png,wurm_scale,.png,32,32,1273,True,item_material,True,WurmScale.java,,D:\Tinh\Guild Master - Idle Dungeons\resources\res\drawable\wurm_scale.png
wurmscales_boots.png,wurmscales_boots,.png,32,32,888,True,item_equipment,True,WurmscalesBoots.java,,D:\Tinh\Guild Master - Idle Dungeons\resources\res\drawable\wurmscales_boots.png
wurmscales_gloves.png,wurmscales_gloves,.png,32,32,727,True,item_equipment,True,WurmscalesGloves.java,,D:\Tinh\Guild Master - Idle Dungeons\resources\res\drawable\wurmscales_gloves.png
wurmscales_jacket.png,wurmscales_jacket,.png,32,32,796,True,item_misc,True,WurmscalesJacket.java,,D:\Tinh\Guild Master - Idle Dungeons\resources\res\drawable\wurmscales_jacket.png
wurmscales_shield.png,wurmscales_shield,.png,32,32,1637,True,item_equipment,True,WurmscalesShield.java,,D:\Tinh\Guild Master - Idle Dungeons\resources\res\drawable\wurmscales_shield.png
wyvern_cape.png,wyvern_cape,.png,32,32,737,True,item_weapon_armor,True,WyvernCape.java,,D:\Tinh\Guild Master - Idle Dungeons\resources\res\drawable\wyvern_cape.png
wyvern_chop.png,wyvern_chop,.png,32,32,556,True,item_misc,True,WyvernChop.java,,D:\Tinh\Guild Master - Idle Dungeons\resources\res\drawable\wyvern_chop.png
yoghurt.png,yoghurt,.png,32,32,856,True,item_consumable,True,Yoghurt.java,,D:\Tinh\Guild Master - Idle Dungeons\resources\res\drawable\yoghurt.png
notification_oversize_large_icon_bg.png,notification_oversize_large_icon_bg,.png,860,860,909,False,icon_ui,False,,,D:\Tinh\Guild Master - Idle Dungeons\resources\res\drawable-hdpi\notification_oversize_large_icon_bg.png
